year,rank,title,link,worldwide_gross
1994,1,Hum Aapke Hain Koun..!,https://en.wikipedia.org/wiki/Hum_Aapke_Hain_Koun..!,128
1994,2,Mohra,https://en.wikipedia.org/wiki/Mohra,22.64
1994,3,Krantiveer,https://en.wikipedia.org/wiki/Krantiveer,15.85
1994,4,Vijaypath,https://en.wikipedia.org/wiki/Vijaypath,15.53
1994,5,Raja Babu,https://en.wikipedia.org/wiki/Raja_Babu_(film),15.26
1994,6,Laadla,https://en.wikipedia.org/wiki/Laadla_(1994_film),13.91
1994,7,Main Khiladi Tu Anari,https://en.wikipedia.org/wiki/Main_Khiladi_Tu_Anari,13.84
1994,8,Dilwale,https://en.wikipedia.org/wiki/Dilwale_(1994_film),12.99
1994,9,Aatish,https://en.wikipedia.org/wiki/Aatish:_Feel_the_Fire,12.26
1994,10,Suhaag,https://en.wikipedia.org/wiki/Suhaag_(1994_film),12.14
1995,1,Dilwale Dulhania Le Jayenge,https://en.wikipedia.org/wiki/Dilwale_Dulhania_Le_Jayenge,103
1995,2,Karan Arjun,https://en.wikipedia.org/wiki/Karan_Arjun,43.63
1995,3,Raja,https://en.wikipedia.org/wiki/Raja_(1995_film),34.68
1995,4,Barsaat,https://en.wikipedia.org/wiki/Barsaat_(1995_film),34
1995,5,Rangeela,https://en.wikipedia.org/wiki/Rangeela_(1995_film),33.44
1995,6,Coolie No. 1,https://en.wikipedia.org/wiki/Coolie_No._1_(1995_film),21.23
1995,7,Sabse Bada Khiladi,https://en.wikipedia.org/wiki/Sabse_Bada_Khiladi,16.06
1995,8,Trimurti,https://en.wikipedia.org/wiki/Trimurti_(1995_film),15.56
1995,9,Ram Jaane,https://en.wikipedia.org/wiki/Ram_Jaane,15.19
1995,10,Akele Hum Akele Tum,https://en.wikipedia.org/wiki/Akele_Hum_Akele_Tum,12.37
1995,11,Andolan,https://en.wikipedia.org/wiki/Andolan_(1995_film),12.25
1995,12,Zamaana Deewana,https://en.wikipedia.org/wiki/Zamaana_Deewana,9.99
1995,13,Hulchul,https://en.wikipedia.org/wiki/Hulchul_(1995_film),9.81
1995,14,Naajayaz,https://en.wikipedia.org/wiki/Naajayaz,9.58
1995,15,Yaarana,https://en.wikipedia.org/wiki/Yaraana_(1995_film),9.08
1996,1,Raja Hindustani,https://en.wikipedia.org/wiki/Raja_Hindustani,76.34
1996,2,Agni Sakshi,https://en.wikipedia.org/wiki/Agni_Sakshi_(1996_film),31.34
1996,3,Jeet,https://en.wikipedia.org/wiki/Jeet_(1996_film),28.61
1996,4,Ghatak,https://en.wikipedia.org/wiki/Ghatak:_Lethal,26.57
1996,5,Khiladiyon Ka Khiladi,https://en.wikipedia.org/wiki/Khiladiyon_Ka_Khiladi,25.15
1996,6,Saajan Chale Sasural,https://en.wikipedia.org/wiki/Saajan_Chale_Sasural,23.61
1996,7,Jaan,https://en.wikipedia.org/wiki/Jaan_(film),17.54
1996,8,Army,https://en.wikipedia.org/wiki/Army_(1996_film),17.3
1996,9,Ajay,https://en.wikipedia.org/wiki/Ajay_(1996_film),16.8
1996,10,Diljale,https://en.wikipedia.org/wiki/Diljale,15.85
1996,11,Krishna,https://en.wikipedia.org/wiki/Krishna_(1996_Hindi_film),15.61
1996,12,Khamoshi: The Musical,https://en.wikipedia.org/wiki/Khamoshi:_The_Musical,14.26
1996,13,Tere Mere Sapne,https://en.wikipedia.org/wiki/Tere_Mere_Sapne_(1996_film),13.17
1996,14,Sapoot,https://en.wikipedia.org/wiki/Sapoot,11.74
1996,15,Rakshak,https://en.wikipedia.org/wiki/Rakshak,11.2
1997,1.,Dil To Pagal Hai,https://en.wikipedia.org/wiki/Dil_To_Pagal_Hai,71.86
1997,2.,Border,https://en.wikipedia.org/wiki/Border_(1997_film),65.57
1997,3,Ishq,https://en.wikipedia.org/wiki/Ishq_(1997_film),45.61
1997,4,Pardes,https://en.wikipedia.org/wiki/Pardes_(1997_film),40.95
1997,5,Gupt: The Hidden Truth,https://en.wikipedia.org/wiki/Gupt:_The_Hidden_Truth,33.23
1997,6,Ziddi,https://en.wikipedia.org/wiki/Ziddi_(1997_film),32.43
1997,7,Hero No. 1,https://en.wikipedia.org/wiki/Hero_No._1,30.95
1997,8,Judaai,https://en.wikipedia.org/wiki/Judaai_(1997_film),30.05
1997,9,Koyla,https://en.wikipedia.org/wiki/Koyla_(1997_film),25.04
1997,10,Deewana Mastana,https://en.wikipedia.org/wiki/Deewana_Mastana,24.33
1997,11,Judwa,https://en.wikipedia.org/wiki/Judwa,24.28
1997,12,Yes Boss,https://en.wikipedia.org/wiki/Yes_Boss_(film),23
1997,13,Virasat,https://en.wikipedia.org/wiki/Virasat_(1997_film),20.73
1997,14,Yeshwant,https://en.wikipedia.org/wiki/Yeshwant,19.1
1997,15,Mrityudata,https://en.wikipedia.org/wiki/Mrityudata,17.37
1998,1,Kuch Kuch Hota Hai,https://en.wikipedia.org/wiki/Kuch_Kuch_Hota_Hai,107
1998,2,Soldier,https://en.wikipedia.org/wiki/Soldier_(1998_Indian_film),38.88
1998,3,Pyaar To Hona Hi Tha,https://en.wikipedia.org/wiki/Pyaar_To_Hona_Hi_Tha,38.27
1998,4,Bade Miyan Chote Miyan,https://en.wikipedia.org/wiki/Bade_Miyan_Chote_Miyan_(1998_film),35.21
1998,5,Pyaar Kiya To Darna Kya,https://en.wikipedia.org/wiki/Pyaar_Kiya_To_Darna_Kya_(1998_film),33.36
1998,6,Dil Se..,https://en.wikipedia.org/wiki/Dil_Se..,28.26
1998,7,Ghulam,https://en.wikipedia.org/wiki/Ghulam_(film),24.2
1998,8,Major Saab,https://en.wikipedia.org/wiki/Major_Saab,23.21
1998,9,Dulhe Raja,https://en.wikipedia.org/wiki/Dulhe_Raja,22.49
1998,10,China Gate,https://en.wikipedia.org/wiki/China_Gate_(1998_film),22.3
1998,11,Jab Pyaar Kisise Hota Hai,https://en.wikipedia.org/wiki/Jab_Pyaar_Kisise_Hota_Hai,21.96
1998,12,Duplicate,https://en.wikipedia.org/wiki/Duplicate_(1998_film),21.49
1998,13,Zor,https://en.wikipedia.org/wiki/Zor_(film),18.59
1998,14,Salaakhen,https://en.wikipedia.org/wiki/Salaakhen_(1998_film),18.58
1998,15,Zakhm,https://en.wikipedia.org/wiki/Zakhm,18.04
1999,1,Hum Saath-Saath Hain,https://en.wikipedia.org/wiki/Hum_Saath-Saath_Hain,81.71
1999,2,Hum Dil De Chuke Sanam,https://en.wikipedia.org/wiki/Hum_Dil_De_Chuke_Sanam,51.38
1999,3,Taal,https://en.wikipedia.org/wiki/Taal_(film),51.15
1999,4,Biwi No.1,https://en.wikipedia.org/wiki/Biwi_No.1,49.81
1999,5,Hum Aapke Dil Mein Rehte Hain,https://en.wikipedia.org/wiki/Hum_Aapke_Dil_Mein_Rehte_Hain,36.65
1999,6,Mann,https://en.wikipedia.org/wiki/Mann_(1999_film),35.45
1999,7,Sarfarosh,https://en.wikipedia.org/wiki/Sarfarosh_(1999_film),33.46
1999,8,Baadshah,https://en.wikipedia.org/wiki/Baadshah_(1999_film),31.6
1999,9,Kachche Dhaage,https://en.wikipedia.org/wiki/Kachche_Dhaage,28.87
1999,10,Haseena Maan Jaayegi,https://en.wikipedia.org/wiki/Haseena_Maan_Jaayegi,27.16
2000,1,Mohabbatein,https://en.wikipedia.org/wiki/Mohabbatein,90.01
2000,2,Kaho Naa... Pyaar Hai,https://en.wikipedia.org/wiki/Kaho_Naa..._Pyaar_Hai,80.01
2000,3,Mission Kashmir,https://en.wikipedia.org/wiki/Mission_Kashmir,43.3
2000,4,Dulhan Hum Le Jayenge,https://en.wikipedia.org/wiki/Dulhan_Hum_Le_Jayenge,36.87
2000,5,Refugee,https://en.wikipedia.org/wiki/Refugee_(2000_film),35.44
2000,6,Josh,https://en.wikipedia.org/wiki/Josh_(2000_film),35.06
2000,7,Har Dil Jo Pyar Karega,https://en.wikipedia.org/wiki/Har_Dil_Jo_Pyar_Karega,32.45
2000,8,Fiza,https://en.wikipedia.org/wiki/Fiza,32.2
2000,9,Hamara Dil Aapke Paas Hai,https://en.wikipedia.org/wiki/Hamara_Dil_Aapke_Paas_Hai,30.26
2000,10,Mela,https://en.wikipedia.org/wiki/Mela_(2000_film),25
2001,1,Kabhi Khushi Kabhie Gham,https://en.wikipedia.org/wiki/Kabhi_Khushi_Kabhie_Gham,135.53
2001,2,Gadar: Ek Prem Katha,https://en.wikipedia.org/wiki/Gadar:_Ek_Prem_Katha,133.13
2001,3,Lagaan,https://en.wikipedia.org/wiki/Lagaan,65.97
2001,4,Indian,https://en.wikipedia.org/wiki/Indian_(2001_film),42.61
2001,5,Dil Chahta Hai,https://en.wikipedia.org/wiki/Dil_Chahta_Hai,39.72
2001,6,Chori Chori Chupke Chupke,https://en.wikipedia.org/wiki/Chori_Chori_Chupke_Chupke,37.51
2001,7,Ek Rishtaa: The Bond of Love,https://en.wikipedia.org/wiki/Ek_Rishtaa:_The_Bond_of_Love,36.5
2001,8,Yaadein,https://en.wikipedia.org/wiki/Yaadein_(2001_film),34.59
2001,9,Lajja,https://en.wikipedia.org/wiki/Lajja_(2001_film),34.29
2001,10,Jodi No.1,https://en.wikipedia.org/wiki/Jodi_No.1_(film),34.13
2002,1,Devdas,https://en.wikipedia.org/wiki/Devdas_(2002_Hindi_film),168
2002,2,Raaz,https://en.wikipedia.org/wiki/Raaz_(2002_film),37.2
2002,3,Kaante,https://en.wikipedia.org/wiki/Kaante,36.37
2002,4,Hum Tumhare Hain Sanam,https://en.wikipedia.org/wiki/Hum_Tumhare_Hain_Sanam,34.76
2002,5,Aankhen,https://en.wikipedia.org/wiki/Aankhen_(2002_film),33.8
2002,6,Mujhse Dosti Karoge!,https://en.wikipedia.org/wiki/Mujhse_Dosti_Karoge!,33.61
2002,7,Humraaz,https://en.wikipedia.org/wiki/Humraaz,29.71
2002,8,Saathiya,https://en.wikipedia.org/wiki/Saathiya_(film),29.15
2002,9,Awara Paagal Deewana,https://en.wikipedia.org/wiki/Awara_Paagal_Deewana,27.58
2002,10,Company,https://en.wikipedia.org/wiki/Company_(2002_film),25.02
2003,1,Kal Ho Naa Ho,https://en.wikipedia.org/wiki/Kal_Ho_Naa_Ho,86.09
2003,2,Koi... Mil Gaya,https://en.wikipedia.org/wiki/Koi..._Mil_Gaya,82.32
2003,3,The Hero: Love Story of a Spy,https://en.wikipedia.org/wiki/The_Hero:_Love_Story_of_a_Spy,45.13
2003,4,Chalte Chalte,https://en.wikipedia.org/wiki/Chalte_Chalte_(2003_film),43.29
2003,5,Baghban,https://en.wikipedia.org/wiki/Baghban_(2003_film),43.11
2003,6,Munna Bhai M.B.B.S.,https://en.wikipedia.org/wiki/Munna_Bhai_M.B.B.S.,36.29
2003,7,Main Prem Ki Diwani Hoon,https://en.wikipedia.org/wiki/Main_Prem_Ki_Diwani_Hoon,39.31
2003,8,LOC: Kargil,https://en.wikipedia.org/wiki/LOC:_Kargil,31.67
2003,9,Andaaz,https://en.wikipedia.org/wiki/Andaaz,28.81
2003,10,Qayamat: City Under Threat,https://en.wikipedia.org/wiki/Qayamat:_City_Under_Threat,28.52
2004,1.,Veer-Zaara,https://en.wikipedia.org/wiki/Veer-Zaara,97.64
2004,2.,Main Hoon Na,https://en.wikipedia.org/wiki/Main_Hoon_Na,84
2004,3.,Dhoom,https://en.wikipedia.org/wiki/Dhoom,72.47
2004,4.,Mujhse Shaadi Karogi,https://en.wikipedia.org/wiki/Mujhse_Shaadi_Karogi,62
2004,5.,Khakee,https://en.wikipedia.org/wiki/Khakee_(film),49.89
2004,6.,Hum Tum,https://en.wikipedia.org/wiki/Hum_Tum_(film),43.22
2004,7.,Swades,https://en.wikipedia.org/wiki/Swades,40.2
2004,8.,Masti,https://en.wikipedia.org/wiki/Masti_(2004_film),34.14
2004,9.,Hulchul,https://en.wikipedia.org/wiki/Hulchul_(2004_film),33.09
2004,10.,Aitraaz,https://en.wikipedia.org/wiki/Aitraaz,29
2005,1,No Entry,https://en.wikipedia.org/wiki/No_Entry,95.14
2005,2,Bunty Aur Babli,https://en.wikipedia.org/wiki/Bunty_Aur_Babli,90.4
2005,3,Salaam Namaste,https://en.wikipedia.org/wiki/Salaam_Namaste,75.23
2005,4,Garam Masala,https://en.wikipedia.org/wiki/Garam_Masala_(2005_film),64.65
2005,5,Mangal Pandey: The Rising,https://en.wikipedia.org/wiki/Mangal_Pandey:_The_Rising,52.58
2005,6,Maine Pyaar Kyun Kiya?,https://en.wikipedia.org/wiki/Maine_Pyaar_Kyun_Kiya%3F,47.22
2005,7,Waqt: The Race Against Time,https://en.wikipedia.org/wiki/Waqt:_The_Race_Against_Time,42.49
2005,8,Black,https://en.wikipedia.org/wiki/Black_(2005_film),40.94
2005,9,Sarkar,https://en.wikipedia.org/wiki/Sarkar_(2005_film),39.3
2005,10,Dus,https://en.wikipedia.org/wiki/Dus,38.84
2006,1,Dhoom 2,https://en.wikipedia.org/wiki/Dhoom_2,151
2006,2,Krrish,https://en.wikipedia.org/wiki/Krrish,126.5
2006,3,Lage Raho Munna Bhai,https://en.wikipedia.org/wiki/Lage_Raho_Munna_Bhai,126.2
2006,4,Kabhi Alvida Naa Kehna,https://en.wikipedia.org/wiki/Kabhi_Alvida_Naa_Kehna,113
2006,5,Don: The Chase Begins Again,https://en.wikipedia.org/wiki/Don_(2006_Hindi_film),106
2006,6,Fanaa,https://en.wikipedia.org/wiki/Fanaa_(2006_film),103
2006,7,Rang De Basanti,https://en.wikipedia.org/wiki/Rang_De_Basanti,97
2006,8,Phir Hera Pheri,https://en.wikipedia.org/wiki/Phir_Hera_Pheri,69
2006,9,Bhagam Bhag,https://en.wikipedia.org/wiki/Bhagam_Bhag,67
2006,10,Vivah,https://en.wikipedia.org/wiki/Vivah,49
2007,1,Om Shanti Om,https://en.wikipedia.org/wiki/Om_Shanti_Om,152
2007,2,Welcome,https://en.wikipedia.org/wiki/Welcome_(2007_film),122
2007,3,Chak De! India,https://en.wikipedia.org/wiki/Chak_De!_India,109
2007,4,Partner,https://en.wikipedia.org/wiki/Partner_(2007_film),101
2007,5,Taare Zameen Par,https://en.wikipedia.org/wiki/Taare_Zameen_Par,98.48
2007,6,Heyy Babyy,https://en.wikipedia.org/wiki/Heyy_Babyy,84
2007,7,Guru,https://en.wikipedia.org/wiki/Guru_(2007_film),83.67
2007,8,Bhool Bhulaiyaa,https://en.wikipedia.org/wiki/Bhool_Bhulaiyaa,83
2007,9,Namastey London,https://en.wikipedia.org/wiki/Namastey_London,71.4
2007,10,Ta Ra Rum Pum,https://en.wikipedia.org/wiki/Ta_Ra_Rum_Pum,70
2008,1,Ghajini,https://en.wikipedia.org/wiki/Ghajini_(2008_film),232
2008,2,Rab Ne Bana Di Jodi,https://en.wikipedia.org/wiki/Rab_Ne_Bana_Di_Jodi,157
2008,3,Singh Is Kinng,https://en.wikipedia.org/wiki/Singh_Is_Kinng,136
2008,4,Jodhaa Akbar,https://en.wikipedia.org/wiki/Jodhaa_Akbar,120
2008,5,Race,https://en.wikipedia.org/wiki/Race_(2008_film),106
2008,6,Golmaal Returns,https://en.wikipedia.org/wiki/Golmaal_Returns,95
2008,7,Dostana,https://en.wikipedia.org/wiki/Dostana_(2008_film),87
2008,8,Bachna Ae Haseeno,https://en.wikipedia.org/wiki/Bachna_Ae_Haseeno,79
2008,9,Bhoothnath,https://en.wikipedia.org/wiki/Bhoothnath,70
2008,10,Sarkar Raj,https://en.wikipedia.org/wiki/Sarkar_Raj,63
2009,1,3 Idiots,https://en.wikipedia.org/wiki/3_Idiots,400.61
2009,2,Love Aaj Kal,https://en.wikipedia.org/wiki/Love_Aaj_Kal_(2009_film),119.52
2009,3,Ajab Prem Ki Ghazab Kahani,https://en.wikipedia.org/wiki/Ajab_Prem_Ki_Ghazab_Kahani,106.74
2009,4,Wanted,https://en.wikipedia.org/wiki/Wanted_(2009_film),93.23
2009,5,Kambakkht Ishq,https://en.wikipedia.org/wiki/Kambakkht_Ishq,85.56
2009,6,De Dana Dan,https://en.wikipedia.org/wiki/De_Dana_Dan,81.85
2009,7,New York,https://en.wikipedia.org/wiki/New_York_(2009_film),78.34
2009,8,Kaminey,https://en.wikipedia.org/wiki/Kaminey,71.57
2009,9,Blue,https://en.wikipedia.org/wiki/Blue_(2009_film),63.92
2009,10,All the Best: Fun Begins,https://en.wikipedia.org/wiki/All_the_Best:_Fun_Begins,61
2010,1,Dabangg,https://en.wikipedia.org/wiki/Dabangg,221.14
2010,2,My Name Is Khan,https://en.wikipedia.org/wiki/My_Name_Is_Khan,220.3
2010,3,Golmaal 3,https://en.wikipedia.org/wiki/Golmaal_3,167
2010,4,Raajneeti,https://en.wikipedia.org/wiki/Raajneeti,145.5
2010,5,Housefull,https://en.wikipedia.org/wiki/Housefull_(2010_film),114.18
2010,6,Tees Maar Khan,https://en.wikipedia.org/wiki/Tees_Maar_Khan_(2010_film),101.89
2010,7,Once Upon A Time In Mumbaai,https://en.wikipedia.org/wiki/Once_Upon_A_Time_In_Mumbaai,96.44
2010,8,I Hate Luv Storys,https://en.wikipedia.org/wiki/I_Hate_Luv_Storys,72.52
2010,9,Anjaana Anjaani,https://en.wikipedia.org/wiki/Anjaana_Anjaani,69.85
2010,10,Khatta Meetha,https://en.wikipedia.org/wiki/Khatta_Meetha,62.79
2011,1,Bodyguard,https://en.wikipedia.org/wiki/Bodyguard_(2011_Hindi_film),252.99
2011,2,Ra.One,https://en.wikipedia.org/wiki/Ra.One,207
2011,3,Don 2,https://en.wikipedia.org/wiki/Don_2,202.81
2011,4,Ready,https://en.wikipedia.org/wiki/Ready_(2011_film),180
2011,5,Zindagi Na Milegi Dobara,https://en.wikipedia.org/wiki/Zindagi_Na_Milegi_Dobara,163
2011,6,Singham,https://en.wikipedia.org/wiki/Singham,147.89
2011,7,The Dirty Picture,https://en.wikipedia.org/wiki/The_Dirty_Picture,130
2011,8,Rockstar,https://en.wikipedia.org/wiki/Rockstar_(2011_film),108.7
2011,9,Murder 2,https://en.wikipedia.org/wiki/Murder_2,105
2011,10,Delhi Belly,https://en.wikipedia.org/wiki/Delhi_Belly_(film),103
2012,1,Ek Tha Tiger,https://en.wikipedia.org/wiki/Ek_Tha_Tiger,334.39
2012,2,Dabangg 2,https://en.wikipedia.org/wiki/Dabangg_2,255
2012,3,Jab Tak Hai Jaan,https://en.wikipedia.org/wiki/Jab_Tak_Hai_Jaan,235
2012,4,Rowdy Rathore,https://en.wikipedia.org/wiki/Rowdy_Rathore,203.39
2012,5.,Agneepath,https://en.wikipedia.org/wiki/Agneepath_(2012_film),193
2012,6,Talaash: The Answer Lies Within,https://en.wikipedia.org/wiki/Talaash:_The_Answer_Lies_Within,180.83
2012,7,Barfi!,https://en.wikipedia.org/wiki/Barfi!,175
2012,8,Housefull 2,https://en.wikipedia.org/wiki/Housefull_2,179.15
2012,9,Bol Bachchan,https://en.wikipedia.org/wiki/Bol_Bachchan,165.68
2012,10,Son of Sardaar,https://en.wikipedia.org/wiki/Son_of_Sardaar,161.48
2013,1,Dhoom 3,https://en.wikipedia.org/wiki/Dhoom_3,589.02
2013,2,Chennai Express,https://en.wikipedia.org/wiki/Chennai_Express,423.76
2013,3,Krrish 3,https://en.wikipedia.org/wiki/Krrish_3,393.37
2013,4,Yeh Jawaani Hai Deewani,https://en.wikipedia.org/wiki/Yeh_Jawaani_Hai_Deewani,319.01
2013,5,Aashiqui 2,https://en.wikipedia.org/wiki/Aashiqui_2,250
2013,6,Goliyon Ki Raasleela Ram-Leela,https://en.wikipedia.org/wiki/Goliyon_Ki_Raasleela_Ram-Leela,220.58
2013,7,Vishwaroopam,https://en.wikipedia.org/wiki/Vishwaroopam,220
2013,8,Bhaag Milkha Bhaag,https://en.wikipedia.org/wiki/Bhaag_Milkha_Bhaag,200
2013,9,Race 2,https://en.wikipedia.org/wiki/Race_2,175.75
2013,10,Grand Masti,https://en.wikipedia.org/wiki/Grand_Masti,148.23
2014,1,PK,https://en.wikipedia.org/wiki/PK_(film),769
2014,2,Kick,https://en.wikipedia.org/wiki/Kick_(2014_film),402
2014,3,Happy New Year,https://en.wikipedia.org/wiki/Happy_New_Year_(2014_film),342
2014,4,Bang Bang!,https://en.wikipedia.org/wiki/Bang_Bang!,333
2014,5,Singham Returns,https://en.wikipedia.org/wiki/Singham_Returns,215
2014,6,Jai Ho,https://en.wikipedia.org/wiki/Jai_Ho_(film),186
2014,7,Holiday: A Soldier Is Never Off Duty,https://en.wikipedia.org/wiki/Holiday:_A_Soldier_Is_Never_Off_Duty,176.42
2014,8,2 States,https://en.wikipedia.org/wiki/2_States_(2014_film),172.99
2014,9,Ek Villain,https://en.wikipedia.org/wiki/Ek_Villain,169.62
2014,10,Gunday,https://en.wikipedia.org/wiki/Gunday,130.91
2015,1,Bajrangi Bhaijaan,https://en.wikipedia.org/wiki/Bajrangi_Bhaijaan,920.9
2015,2,Prem Ratan Dhan Payo,https://en.wikipedia.org/wiki/Prem_Ratan_Dhan_Payo,432
2015,3,Dilwale,https://en.wikipedia.org/wiki/Dilwale_(2015_film),376
2015,4,Bajirao Mastani,https://en.wikipedia.org/wiki/Bajirao_Mastani,356.2
2015,5,Tanu Weds Manu: Returns,https://en.wikipedia.org/wiki/Tanu_Weds_Manu:_Returns,243.6
2015,6,Welcome Back,https://en.wikipedia.org/wiki/Welcome_Back_(film),168.76
2015,7,ABCD 2,https://en.wikipedia.org/wiki/ABCD_2,158.31
2015,8,Drishyam,https://en.wikipedia.org/wiki/Drishyam_(2015_film),147
2015,9,Dil Dhadakne Do,https://en.wikipedia.org/wiki/Dil_Dhadakne_Do,145
2015,10,Baby,https://en.wikipedia.org/wiki/Baby_(2015_Hindi_film),142.98
2016,1,Dangal,https://en.wikipedia.org/wiki/Dangal_(2016_film),2160
2016,2,Sultan,https://en.wikipedia.org/wiki/Sultan_(2016_film),631.25
2016,3,Ae Dil Hai Mushkil,https://en.wikipedia.org/wiki/Ae_Dil_Hai_Mushkil,239.56
2016,4,Rustom,https://en.wikipedia.org/wiki/Rustom_(film),216.35
2016,5,M.S. Dhoni: The Untold Story,https://en.wikipedia.org/wiki/M.S._Dhoni:_The_Untold_Story,215.48
2016,6,Airlift,https://en.wikipedia.org/wiki/Airlift_(film),209.97
2016,7,Housefull 3,https://en.wikipedia.org/wiki/Housefull_3,194.94
2016,8,Fan,https://en.wikipedia.org/wiki/Fan_(2016_film),188.04
2016,9,Kapoor & Sons,https://en.wikipedia.org/wiki/Kapoor_&_Sons,143.29
2016,10,Shivaay,https://en.wikipedia.org/wiki/Shivaay,124.15
2017,1,Secret Superstar,https://en.wikipedia.org/wiki/Secret_Superstar,977
2017,2,Tiger Zinda Hai,https://en.wikipedia.org/wiki/Tiger_Zinda_Hai,570.83
2017,3,Hindi Medium,https://en.wikipedia.org/wiki/Hindi_Medium,334.36
2017,4,Toilet: Ek Prem Katha,https://en.wikipedia.org/wiki/Toilet:_Ek_Prem_Katha,311.5
2017,5,Golmaal Again,https://en.wikipedia.org/wiki/Golmaal_Again,311.05
2017,6,Raees,https://en.wikipedia.org/wiki/Raees_(2017_film),308.1
2017,7,Judwaa 2,https://en.wikipedia.org/wiki/Judwaa_2,227.59
2017,8,Tubelight,https://en.wikipedia.org/wiki/Tubelight_(2017_Hindi_film),211.14
2017,9,Kaabil,https://en.wikipedia.org/wiki/Kaabil,208.14
2017,10,Badrinath Ki Dulhania,https://en.wikipedia.org/wiki/Badrinath_Ki_Dulhania,200.45
2018,1,Sanju,https://en.wikipedia.org/wiki/Sanju,586.85
2018,2,Padmaavat,https://en.wikipedia.org/wiki/Padmaavat,571.98
2018,3,Andhadhun,https://en.wikipedia.org/wiki/Andhadhun,456.89
2018,4,Simmba,https://en.wikipedia.org/wiki/Simmba,400.19
2018,5,Thugs of Hindostan,https://en.wikipedia.org/wiki/Thugs_of_Hindostan,335
2018,6,Race 3,https://en.wikipedia.org/wiki/Race_3,303
2018,7,Baaghi 2,https://en.wikipedia.org/wiki/Baaghi_2,254.33
2018,8,Hichki,https://en.wikipedia.org/wiki/Hichki,239.79
2018,9,Badhaai Ho,https://en.wikipedia.org/wiki/Badhaai_Ho,221.44
2018,10,Pad Man,https://en.wikipedia.org/wiki/Pad_Man_(film),212.02
2019,1,War,https://en.wikipedia.org/wiki/War_(2019_film),475.62
2019,2,Saaho,https://en.wikipedia.org/wiki/Saaho,423.32
2019,3,Kabir Singh,https://en.wikipedia.org/wiki/Kabir_Singh,379.02
2019,4,Uri: The Surgical Strike,https://en.wikipedia.org/wiki/Uri:_The_Surgical_Strike,342.06
2019,5,Bharat,https://en.wikipedia.org/wiki/Bharat_(film),325.58
2019,6,Good Newwz,https://en.wikipedia.org/wiki/Good_Newwz,318.57
2019,7,Housefull 4,https://en.wikipedia.org/wiki/Housefull_4,280.27
2019,8,Mission Mangal,https://en.wikipedia.org/wiki/Mission_Mangal,290.59
2019,9,Gully Boy,https://en.wikipedia.org/wiki/Gully_Boy,238.16
2019,10,Dabangg 3,https://en.wikipedia.org/wiki/Dabangg_3,230.93
2020,1,Tanhaji,https://en.wikipedia.org/wiki/Tanhaji,368
2020,2,Baaghi 3,https://en.wikipedia.org/wiki/Baaghi_3,137.05
2020,3,Street Dancer 3D,https://en.wikipedia.org/wiki/Street_Dancer_3D,97
2020,4,Shubh Mangal Zyada Saavdhan,https://en.wikipedia.org/wiki/Shubh_Mangal_Zyada_Saavdhan,87
2020,5,Malang,https://en.wikipedia.org/wiki/Malang_(film),81.5
2020,6,Chhapaak,https://en.wikipedia.org/wiki/Chhapaak,55.44
2020,7,Love Aaj Kal,https://en.wikipedia.org/wiki/Love_Aaj_Kal_(2020_film),52.63
2020,8,Jawaani Jaaneman,https://en.wikipedia.org/wiki/Jawaani_Jaaneman,44.77
2020,9,Thappad,https://en.wikipedia.org/wiki/Thappad,44.54
2020,10,Panga,https://en.wikipedia.org/wiki/Panga_(film),41.71
2021,1,Sooryavanshi,https://en.wikipedia.org/wiki/Sooryavanshi,302.52
2021,2,83,https://en.wikipedia.org/wiki/83_(film),193.73
2021,3,Antim: The Final Truth,https://en.wikipedia.org/wiki/Antim:_The_Final_Truth,59.11
2021,4,Bell Bottom,https://en.wikipedia.org/wiki/Bell_Bottom_(2021_film),50.58
2021,5,Chandigarh Kare Aashiqui,https://en.wikipedia.org/wiki/Chandigarh_Kare_Aashiqui,41.23
2021,6,Tadap,https://en.wikipedia.org/wiki/Tadap_(2021_film),34.86
2021,7,Roohi,https://en.wikipedia.org/wiki/Roohi_(2021_film),30.33
2021,8,Mumbai Saga,https://en.wikipedia.org/wiki/Mumbai_Saga,22.29
2021,9,Bunty Aur Babli 2,https://en.wikipedia.org/wiki/Bunty_Aur_Babli_2,22.12
2021,10,Radhe,https://en.wikipedia.org/wiki/Radhe_(2021_film),18.33
2022,1,Brahmāstra: Part One – Shiva,https://en.wikipedia.org/wiki/Brahmāstra:_Part_One_–_Shiva,435
2022,2,Drishyam 2,https://en.wikipedia.org/wiki/Drishyam_2_(2022_film),345.05
2022,3,The Kashmir Files,https://en.wikipedia.org/wiki/The_Kashmir_Files,340.92
2022,4,Bhool Bhulaiyaa 2,https://en.wikipedia.org/wiki/Bhool_Bhulaiyaa_2,266.88
2022,5,Gangubai Kathiawadi,https://en.wikipedia.org/wiki/Gangubai_Kathiawadi,209.77
2022,6,Radhe Shyam,https://en.wikipedia.org/wiki/Radhe_Shyam,275
2022,7,Jugjugg Jeeyo,https://en.wikipedia.org/wiki/Jugjugg_Jeeyo,136.13
2022,8,Vikram Vedha,https://en.wikipedia.org/wiki/Vikram_Vedha_(2022_film),135.03
2022,9,Laal Singh Chaddha,https://en.wikipedia.org/wiki/Laal_Singh_Chaddha,129.64
2022,10,Ram Setu,https://en.wikipedia.org/wiki/Ram_Setu_(film),94.45
2023,1,Jawan,https://en.wikipedia.org/wiki/Jawan_(film),1153.66
2023,2,Pathaan,https://en.wikipedia.org/wiki/Pathaan_(film),1051.4
2023,3,Animal,https://en.wikipedia.org/wiki/Animal_(2023_Indian_film),911.41
2023,4,Gadar 2,https://en.wikipedia.org/wiki/Gadar_2,689.04
2023,5,Dunki,https://en.wikipedia.org/wiki/Dunki_(film),470.6
2023,6,Tiger 3,https://en.wikipedia.org/wiki/Tiger_3,466.63
2023,7,Rocky Aur Rani Kii Prem Kahaani,https://en.wikipedia.org/wiki/Rocky_Aur_Rani_Kii_Prem_Kahaani,355.61
2023,8,Adipurush,https://en.wikipedia.org/wiki/Adipurush,350
2023,9,The Kerala Story,https://en.wikipedia.org/wiki/The_Kerala_Story,303.97
2023,10,OMG 2,https://en.wikipedia.org/wiki/OMG_2,221.08
2024,1,Stree 2,https://en.wikipedia.org/wiki/Stree_2,874.58
2024,2,Bhool Bhulaiyaa 3,https://en.wikipedia.org/wiki/Bhool_Bhulaiyaa_3,423.85
2024,3,Singham Again,https://en.wikipedia.org/wiki/Singham_Again,389.64
2024,4,Fighter,https://en.wikipedia.org/wiki/Fighter_(2024_film),344.46
2024,5,Shaitaan,https://en.wikipedia.org/wiki/Shaitaan_(2024_film),211.06
2024,6,Crew,https://en.wikipedia.org/wiki/Crew_(film),157.08
2024,7,Teri Baaton Mein Aisa Uljha Jiya,https://en.wikipedia.org/wiki/Teri_Baaton_Mein_Aisa_Uljha_Jiya,133.64
2024,8,Munjya,https://en.wikipedia.org/wiki/Munjya_(film),132.13
2024,9,Bad Newz,https://en.wikipedia.org/wiki/Bad_Newz_(film),115.74
2024,10,Article 370,https://en.wikipedia.org/wiki/Article_370_(film),110.57
