metric,emotion,value,split,model,genre
mae,amazement,0.08326746004423362,stratified,BaselineMean,
pearson,amazement,,stratified,BaselineMean,
spearman,amazement,,stratified,BaselineMean,
ece,amazement,0.012517867600633253,stratified,BaselineMean,
mae,solemnity,0.11849250347429499,stratified,BaselineMean,
pearson,solemnity,,stratified,BaselineMean,
spearman,solemnity,,stratified,BaselineMean,
ece,solemnity,0.017088336972622048,stratified,BaselineMean,
mae,tenderness,0.153020417767977,stratified,BaselineMean,
pearson,tenderness,,stratified,BaselineMean,
spearman,tenderness,,stratified,BaselineMean,
ece,tenderness,0.00047763888958304856,stratified,BaselineMean,
mae,nostalgia,0.15275193602722847,stratified,BaselineMean,
pearson,nostalgia,,stratified,BaselineMean,
spearman,nostalgia,,stratified,BaselineMean,
ece,nostalgia,0.01989720452049379,stratified,BaselineMean,
mae,calmness,0.17729184553643548,stratified,BaselineMean,
pearson,calmness,,stratified,BaselineMean,
spearman,calmness,,stratified,BaselineMean,
ece,calmness,0.02205303855995272,stratified,BaselineMean,
mae,power,0.1439472345643143,stratified,BaselineMean,
pearson,power,,stratified,BaselineMean,
spearman,power,,stratified,BaselineMean,
ece,power,0.004531994171497328,stratified,BaselineMean,
mae,joy,0.19577057811020945,stratified,BaselineMean,
pearson,joy,,stratified,BaselineMean,
spearman,joy,,stratified,BaselineMean,
ece,joy,0.04085363437398265,stratified,BaselineMean,
mae,tension,0.16389246332332102,stratified,BaselineMean,
pearson,tension,,stratified,BaselineMean,
spearman,tension,,stratified,BaselineMean,
ece,tension,0.004130929635807884,stratified,BaselineMean,
mae,sadness,0.12238822153280271,stratified,BaselineMean,
pearson,sadness,,stratified,BaselineMean,
spearman,sadness,,stratified,BaselineMean,
ece,sadness,0.01050693820008683,stratified,BaselineMean,
mae,macro,0.14564696226453522,stratified,BaselineMean,
pearson,macro,,stratified,BaselineMean,
spearman,macro,,stratified,BaselineMean,
ece,macro,0.014673064769406616,stratified,BaselineMean,
topk_overlap,macro,0.47916666666666663,stratified,BaselineMean,
mae,amazement,0.09191806939617768,stratified,Ridge,
pearson,amazement,0.19221817831456028,stratified,Ridge,
spearman,amazement,0.17269105283249825,stratified,Ridge,
ece,amazement,0.03195360142718418,stratified,Ridge,
mae,solemnity,0.119853078274694,stratified,Ridge,
pearson,solemnity,0.32875543563358844,stratified,Ridge,
spearman,solemnity,0.30671941354962756,stratified,Ridge,
ece,solemnity,0.058203035153772245,stratified,Ridge,
mae,tenderness,0.12789164075783224,stratified,Ridge,
pearson,tenderness,0.4574415174231923,stratified,Ridge,
spearman,tenderness,0.42914092987620767,stratified,Ridge,
ece,tenderness,0.028019753526318355,stratified,Ridge,
mae,nostalgia,0.1321947782089516,stratified,Ridge,
pearson,nostalgia,0.38358406335741635,stratified,Ridge,
spearman,nostalgia,0.4256617683026619,stratified,Ridge,
ece,nostalgia,0.054657268511514,stratified,Ridge,
mae,calmness,0.1535652033090098,stratified,Ridge,
pearson,calmness,0.48024614363360374,stratified,Ridge,
spearman,calmness,0.5002585533101992,stratified,Ridge,
ece,calmness,0.05953808643842771,stratified,Ridge,
mae,power,0.11856921732563883,stratified,Ridge,
pearson,power,0.5595420898144088,stratified,Ridge,
spearman,power,0.5595051998010986,stratified,Ridge,
ece,power,0.04303649748266641,stratified,Ridge,
mae,joy,0.17462945287613352,stratified,Ridge,
pearson,joy,0.44177981487669643,stratified,Ridge,
spearman,joy,0.46172722195657895,stratified,Ridge,
ece,joy,0.08268932019687633,stratified,Ridge,
mae,tension,0.129800683660722,stratified,Ridge,
pearson,tension,0.5291867037755968,stratified,Ridge,
spearman,tension,0.5871612479647754,stratified,Ridge,
ece,tension,0.03454468442997157,stratified,Ridge,
mae,sadness,0.120633182598429,stratified,Ridge,
pearson,sadness,0.27612234991146456,stratified,Ridge,
spearman,sadness,0.3622969737968155,stratified,Ridge,
ece,sadness,0.05010853700318938,stratified,Ridge,
mae,macro,0.12989503404528766,stratified,Ridge,
pearson,macro,0.40543069963783646,stratified,Ridge,
spearman,macro,0.4227958179322736,stratified,Ridge,
ece,macro,0.049194531574435575,stratified,Ridge,
topk_overlap,macro,0.5875,stratified,Ridge,
mae,amazement,0.08053269212387017,stratified,RandomForest,
pearson,amazement,0.2863009781674106,stratified,RandomForest,
spearman,amazement,0.2849799695270489,stratified,RandomForest,
ece,amazement,0.012825384283585404,stratified,RandomForest,
mae,solemnity,0.1004191796996051,stratified,RandomForest,
pearson,solemnity,0.4712786947553788,stratified,RandomForest,
spearman,solemnity,0.5097490885842968,stratified,RandomForest,
ece,solemnity,0.020357761414849646,stratified,RandomForest,
mae,tenderness,0.115114978231648,stratified,RandomForest,
pearson,tenderness,0.5731774189100268,stratified,RandomForest,
spearman,tenderness,0.6097510255402662,stratified,RandomForest,
ece,tenderness,0.01832354889786124,stratified,RandomForest,
mae,nostalgia,0.114886308672188,stratified,RandomForest,
pearson,nostalgia,0.6286622704759292,stratified,RandomForest,
spearman,nostalgia,0.6728055825220615,stratified,RandomForest,
ece,nostalgia,0.04737658860223835,stratified,RandomForest,
mae,calmness,0.13743004119330554,stratified,RandomForest,
pearson,calmness,0.59578193150692,stratified,RandomForest,
spearman,calmness,0.5972931720257921,stratified,RandomForest,
ece,calmness,0.022757475446049044,stratified,RandomForest,
mae,power,0.10163698087260724,stratified,RandomForest,
pearson,power,0.6320683661099391,stratified,RandomForest,
spearman,power,0.7246403167582766,stratified,RandomForest,
ece,power,0.028431995470551235,stratified,RandomForest,
mae,joy,0.15469397075007088,stratified,RandomForest,
pearson,joy,0.5118119238880003,stratified,RandomForest,
spearman,joy,0.50979633623088,stratified,RandomForest,
ece,joy,0.055263774607486875,stratified,RandomForest,
mae,tension,0.1266648746115599,stratified,RandomForest,
pearson,tension,0.6092258894257456,stratified,RandomForest,
spearman,tension,0.6225885303932852,stratified,RandomForest,
ece,tension,0.055587024788807504,stratified,RandomForest,
mae,sadness,0.1130294292259372,stratified,RandomForest,
pearson,sadness,0.396235796514856,stratified,RandomForest,
spearman,sadness,0.41610226270258516,stratified,RandomForest,
ece,sadness,0.021622863381348865,stratified,RandomForest,
mae,macro,0.11604538393119913,stratified,RandomForest,
pearson,macro,0.5227270299726896,stratified,RandomForest,
spearman,macro,0.549745142698277,stratified,RandomForest,
ece,macro,0.0313940463214198,stratified,RandomForest,
topk_overlap,macro,0.65,stratified,RandomForest,
mae,amazement,0.08113036319299738,stratified,XGBoost,
pearson,amazement,0.2564373640816351,stratified,XGBoost,
spearman,amazement,0.2591186306580362,stratified,XGBoost,
ece,amazement,0.012895752713380391,stratified,XGBoost,
mae,solemnity,0.10275896018174235,stratified,XGBoost,
pearson,solemnity,0.45936326516889747,stratified,XGBoost,
spearman,solemnity,0.47074636972324574,stratified,XGBoost,
ece,solemnity,0.052974645228742165,stratified,XGBoost,
mae,tenderness,0.11968827976340315,stratified,XGBoost,
pearson,tenderness,0.5313877326240982,stratified,XGBoost,
spearman,tenderness,0.553731747576681,stratified,XGBoost,
ece,tenderness,0.01327627727350948,stratified,XGBoost,
mae,nostalgia,0.1213204850757024,stratified,XGBoost,
pearson,nostalgia,0.5069514765255522,stratified,XGBoost,
spearman,nostalgia,0.5858015217591127,stratified,XGBoost,
ece,nostalgia,0.031595237263561435,stratified,XGBoost,
mae,calmness,0.14338936959332488,stratified,XGBoost,
pearson,calmness,0.553821352645507,stratified,XGBoost,
spearman,calmness,0.5397911769979644,stratified,XGBoost,
ece,calmness,0.035408637595287853,stratified,XGBoost,
mae,power,0.10328558558770977,stratified,XGBoost,
pearson,power,0.6275517022880948,stratified,XGBoost,
spearman,power,0.7016925317406004,stratified,XGBoost,
ece,power,0.021802232947870766,stratified,XGBoost,
mae,joy,0.15337757686561335,stratified,XGBoost,
pearson,joy,0.5123546603510332,stratified,XGBoost,
spearman,joy,0.49635162225010526,stratified,XGBoost,
ece,joy,0.043513492523223146,stratified,XGBoost,
mae,tension,0.12707801793735218,stratified,XGBoost,
pearson,tension,0.541317770632487,stratified,XGBoost,
spearman,tension,0.591192288594984,stratified,XGBoost,
ece,tension,0.0401501261634055,stratified,XGBoost,
mae,sadness,0.1191734999825168,stratified,XGBoost,
pearson,sadness,0.2977226358369974,stratified,XGBoost,
spearman,sadness,0.3424977174180901,stratified,XGBoost,
ece,sadness,0.028750111924353536,stratified,XGBoost,
mae,macro,0.11902245979781803,stratified,XGBoost,
pearson,macro,0.47632310668381134,stratified,XGBoost,
spearman,macro,0.5045470674132022,stratified,XGBoost,
ece,macro,0.031151834848148256,stratified,XGBoost,
topk_overlap,macro,0.6333333333333334,stratified,XGBoost,
mae,amazement,0.16166580967159738,stratified,MLP,
pearson,amazement,0.1411271861951246,stratified,MLP,
spearman,amazement,0.12044273462822544,stratified,MLP,
ece,amazement,0.13630306476017576,stratified,MLP,
mae,solemnity,0.1961265786441407,stratified,MLP,
pearson,solemnity,0.055519901580226516,stratified,MLP,
spearman,solemnity,0.06686751267218095,stratified,MLP,
ece,solemnity,0.1411369978655132,stratified,MLP,
mae,tenderness,0.16871780500269024,stratified,MLP,
pearson,tenderness,0.37865968551444695,stratified,MLP,
spearman,tenderness,0.35121969976695266,stratified,MLP,
ece,tenderness,0.12303651577076591,stratified,MLP,
mae,nostalgia,0.20067222162952641,stratified,MLP,
pearson,nostalgia,0.2917380992716164,stratified,MLP,
spearman,nostalgia,0.29036945730272506,stratified,MLP,
ece,nostalgia,0.151153659609775,stratified,MLP,
mae,calmness,0.22399162586888396,stratified,MLP,
pearson,calmness,0.3223197497469494,stratified,MLP,
spearman,calmness,0.2889697247447265,stratified,MLP,
ece,calmness,0.1563373795040532,stratified,MLP,
mae,power,0.20779172390891318,stratified,MLP,
pearson,power,0.13494587423772142,stratified,MLP,
spearman,power,0.13025612773460943,stratified,MLP,
ece,power,0.1477699613827471,stratified,MLP,
mae,joy,0.24312252973324897,stratified,MLP,
pearson,joy,0.20068066730147283,stratified,MLP,
spearman,joy,0.20420123937499837,stratified,MLP,
ece,joy,0.17573021931890748,stratified,MLP,
mae,tension,0.20441337119721567,stratified,MLP,
pearson,tension,0.19213196501005567,stratified,MLP,
spearman,tension,0.20578862275042276,stratified,MLP,
ece,tension,0.14881893170243776,stratified,MLP,
mae,sadness,0.19006330758436632,stratified,MLP,
pearson,sadness,0.17543645025115506,stratified,MLP,
spearman,sadness,0.17574863958897677,stratified,MLP,
ece,sadness,0.13352653409259518,stratified,MLP,
mae,macro,0.19961833036006477,stratified,MLP,
pearson,macro,0.2102843976787521,stratified,MLP,
spearman,macro,0.2037626398404242,stratified,MLP,
ece,macro,0.14597925155633007,stratified,MLP,
topk_overlap,macro,0.5541666666666666,stratified,MLP,
mae,amazement,0.07854839233194118,leave_one_genre_out,BaselineMean,classical
pearson,amazement,,leave_one_genre_out,BaselineMean,classical
spearman,amazement,,leave_one_genre_out,BaselineMean,classical
ece,amazement,0.02904284566397347,leave_one_genre_out,BaselineMean,classical
mae,solemnity,0.12259570486035462,leave_one_genre_out,BaselineMean,classical
pearson,solemnity,,leave_one_genre_out,BaselineMean,classical
spearman,solemnity,,leave_one_genre_out,BaselineMean,classical
ece,solemnity,0.07902352182659617,leave_one_genre_out,BaselineMean,classical
mae,tenderness,0.12593144719593785,leave_one_genre_out,BaselineMean,classical
pearson,tenderness,,leave_one_genre_out,BaselineMean,classical
spearman,tenderness,,leave_one_genre_out,BaselineMean,classical
ece,tenderness,0.024782319994103297,leave_one_genre_out,BaselineMean,classical
mae,nostalgia,0.1333906463585616,leave_one_genre_out,BaselineMean,classical
pearson,nostalgia,,leave_one_genre_out,BaselineMean,classical
spearman,nostalgia,,leave_one_genre_out,BaselineMean,classical
ece,nostalgia,0.007443571235722035,leave_one_genre_out,BaselineMean,classical
mae,calmness,0.20421365868320876,leave_one_genre_out,BaselineMean,classical
pearson,calmness,,leave_one_genre_out,BaselineMean,classical
spearman,calmness,,leave_one_genre_out,BaselineMean,classical
ece,calmness,0.050383740819616774,leave_one_genre_out,BaselineMean,classical
mae,power,0.15044530413892337,leave_one_genre_out,BaselineMean,classical
pearson,power,,leave_one_genre_out,BaselineMean,classical
spearman,power,,leave_one_genre_out,BaselineMean,classical
ece,power,0.0646920697962371,leave_one_genre_out,BaselineMean,classical
mae,joy,0.22150969879359358,leave_one_genre_out,BaselineMean,classical
pearson,joy,,leave_one_genre_out,BaselineMean,classical
spearman,joy,,leave_one_genre_out,BaselineMean,classical
ece,joy,0.020315232512656878,leave_one_genre_out,BaselineMean,classical
mae,tension,0.14127486570307027,leave_one_genre_out,BaselineMean,classical
pearson,tension,,leave_one_genre_out,BaselineMean,classical
spearman,tension,,leave_one_genre_out,BaselineMean,classical
ece,tension,0.06318571420124097,leave_one_genre_out,BaselineMean,classical
mae,sadness,0.12032656353731838,leave_one_genre_out,BaselineMean,classical
pearson,sadness,,leave_one_genre_out,BaselineMean,classical
spearman,sadness,,leave_one_genre_out,BaselineMean,classical
ece,sadness,0.01085710127178613,leave_one_genre_out,BaselineMean,classical
mae,macro,0.14424847573365662,leave_one_genre_out,BaselineMean,classical
pearson,macro,,leave_one_genre_out,BaselineMean,classical
spearman,macro,,leave_one_genre_out,BaselineMean,classical
ece,macro,0.038858457480214756,leave_one_genre_out,BaselineMean,classical
topk_overlap,macro,0.5133333333333333,leave_one_genre_out,BaselineMean,classical
mae,amazement,0.10105094797048178,leave_one_genre_out,Ridge,classical
pearson,amazement,-0.049355019727744906,leave_one_genre_out,Ridge,classical
spearman,amazement,-0.033952812741419224,leave_one_genre_out,Ridge,classical
ece,amazement,0.06801314102933148,leave_one_genre_out,Ridge,classical
mae,solemnity,0.14525265846179786,leave_one_genre_out,Ridge,classical
pearson,solemnity,0.14430807506761517,leave_one_genre_out,Ridge,classical
spearman,solemnity,0.12570020656849917,leave_one_genre_out,Ridge,classical
ece,solemnity,0.10197681836267253,leave_one_genre_out,Ridge,classical
mae,tenderness,0.14520531087711802,leave_one_genre_out,Ridge,classical
pearson,tenderness,0.215513712178125,leave_one_genre_out,Ridge,classical
spearman,tenderness,0.26464074274078025,leave_one_genre_out,Ridge,classical
ece,tenderness,0.09458936209926394,leave_one_genre_out,Ridge,classical
mae,nostalgia,0.24595052549010668,leave_one_genre_out,Ridge,classical
pearson,nostalgia,0.16118948064980895,leave_one_genre_out,Ridge,classical
spearman,nostalgia,0.15987140486172408,leave_one_genre_out,Ridge,classical
ece,nostalgia,0.22275957586401038,leave_one_genre_out,Ridge,classical
mae,calmness,0.21533687177759922,leave_one_genre_out,Ridge,classical
pearson,calmness,0.32170198826989876,leave_one_genre_out,Ridge,classical
spearman,calmness,0.3108910129024482,leave_one_genre_out,Ridge,classical
ece,calmness,0.1360400248620006,leave_one_genre_out,Ridge,classical
mae,power,0.14094670215923616,leave_one_genre_out,Ridge,classical
pearson,power,0.2152383050526791,leave_one_genre_out,Ridge,classical
spearman,power,0.2357415086354369,leave_one_genre_out,Ridge,classical
ece,power,0.10319433988305139,leave_one_genre_out,Ridge,classical
mae,joy,0.19485804437269072,leave_one_genre_out,Ridge,classical
pearson,joy,0.3320358465392753,leave_one_genre_out,Ridge,classical
spearman,joy,0.3619464092299285,leave_one_genre_out,Ridge,classical
ece,joy,0.11963390357909659,leave_one_genre_out,Ridge,classical
mae,tension,0.1310945103740143,leave_one_genre_out,Ridge,classical
pearson,tension,0.27722495273588504,leave_one_genre_out,Ridge,classical
spearman,tension,0.27601653692950645,leave_one_genre_out,Ridge,classical
ece,tension,0.06556617733186348,leave_one_genre_out,Ridge,classical
mae,sadness,0.19488085915201658,leave_one_genre_out,Ridge,classical
pearson,sadness,-0.04691765645240585,leave_one_genre_out,Ridge,classical
spearman,sadness,-0.02134464126623619,leave_one_genre_out,Ridge,classical
ece,sadness,0.15320492208618633,leave_one_genre_out,Ridge,classical
mae,macro,0.16828627007056238,leave_one_genre_out,Ridge,classical
pearson,macro,0.17454885381257074,leave_one_genre_out,Ridge,classical
spearman,macro,0.1866122630956298,leave_one_genre_out,Ridge,classical
ece,macro,0.1183309183441641,leave_one_genre_out,Ridge,classical
topk_overlap,macro,0.45666666666666667,leave_one_genre_out,Ridge,classical
mae,amazement,0.07941500342596401,leave_one_genre_out,RandomForest,classical
pearson,amazement,0.23589962973467435,leave_one_genre_out,RandomForest,classical
spearman,amazement,0.2575747211017478,leave_one_genre_out,RandomForest,classical
ece,amazement,0.04619368685346251,leave_one_genre_out,RandomForest,classical
mae,solemnity,0.11665994450905695,leave_one_genre_out,RandomForest,classical
pearson,solemnity,0.1444642371607467,leave_one_genre_out,RandomForest,classical
spearman,solemnity,0.1097763694105876,leave_one_genre_out,RandomForest,classical
ece,solemnity,0.060115789820847434,leave_one_genre_out,RandomForest,classical
mae,tenderness,0.1350524519311258,leave_one_genre_out,RandomForest,classical
pearson,tenderness,0.1492584750886066,leave_one_genre_out,RandomForest,classical
spearman,tenderness,0.17266354254622157,leave_one_genre_out,RandomForest,classical
ece,tenderness,0.05293308563519076,leave_one_genre_out,RandomForest,classical
mae,nostalgia,0.15792852477465735,leave_one_genre_out,RandomForest,classical
pearson,nostalgia,0.1836071635626701,leave_one_genre_out,RandomForest,classical
spearman,nostalgia,0.18356051111050908,leave_one_genre_out,RandomForest,classical
ece,nostalgia,0.09955151177062606,leave_one_genre_out,RandomForest,classical
mae,calmness,0.18113867399887484,leave_one_genre_out,RandomForest,classical
pearson,calmness,0.4937565932167569,leave_one_genre_out,RandomForest,classical
spearman,calmness,0.5148306649491611,leave_one_genre_out,RandomForest,classical
ece,calmness,0.06987191076146093,leave_one_genre_out,RandomForest,classical
mae,power,0.10912736204877872,leave_one_genre_out,RandomForest,classical
pearson,power,0.2320116754794368,leave_one_genre_out,RandomForest,classical
spearman,power,0.30171404857613465,leave_one_genre_out,RandomForest,classical
ece,power,0.03400423934553899,leave_one_genre_out,RandomForest,classical
mae,joy,0.20735340146925896,leave_one_genre_out,RandomForest,classical
pearson,joy,0.39652684047125175,leave_one_genre_out,RandomForest,classical
spearman,joy,0.44729859333104643,leave_one_genre_out,RandomForest,classical
ece,joy,0.15873608402062966,leave_one_genre_out,RandomForest,classical
mae,tension,0.12727596250298429,leave_one_genre_out,RandomForest,classical
pearson,tension,0.07680754956041201,leave_one_genre_out,RandomForest,classical
spearman,tension,0.0863430469788378,leave_one_genre_out,RandomForest,classical
ece,tension,0.05483152710668779,leave_one_genre_out,RandomForest,classical
mae,sadness,0.16448231202361657,leave_one_genre_out,RandomForest,classical
pearson,sadness,0.13638817751892574,leave_one_genre_out,RandomForest,classical
spearman,sadness,0.07795067805915361,leave_one_genre_out,RandomForest,classical
ece,sadness,0.11125896424693948,leave_one_genre_out,RandomForest,classical
mae,macro,0.14204818185381304,leave_one_genre_out,RandomForest,classical
pearson,macro,0.22763559353260898,leave_one_genre_out,RandomForest,classical
spearman,macro,0.2390791306737111,leave_one_genre_out,RandomForest,classical
ece,macro,0.07638853328459819,leave_one_genre_out,RandomForest,classical
topk_overlap,macro,0.44999999999999996,leave_one_genre_out,RandomForest,classical
mae,amazement,0.08113395938205112,leave_one_genre_out,XGBoost,classical
pearson,amazement,0.07219642369930053,leave_one_genre_out,XGBoost,classical
spearman,amazement,0.07596986952928605,leave_one_genre_out,XGBoost,classical
ece,amazement,0.031115410316573385,leave_one_genre_out,XGBoost,classical
mae,solemnity,0.11814216919175903,leave_one_genre_out,XGBoost,classical
pearson,solemnity,0.11458807335002963,leave_one_genre_out,XGBoost,classical
spearman,solemnity,0.09986550217883726,leave_one_genre_out,XGBoost,classical
ece,solemnity,0.04532335936144994,leave_one_genre_out,XGBoost,classical
mae,tenderness,0.15005831821202317,leave_one_genre_out,XGBoost,classical
pearson,tenderness,0.08988192742029134,leave_one_genre_out,XGBoost,classical
spearman,tenderness,0.08971792058527198,leave_one_genre_out,XGBoost,classical
ece,tenderness,0.07969100073060448,leave_one_genre_out,XGBoost,classical
mae,nostalgia,0.1688850751825263,leave_one_genre_out,XGBoost,classical
pearson,nostalgia,0.11899165474242722,leave_one_genre_out,XGBoost,classical
spearman,nostalgia,0.10683546419661434,leave_one_genre_out,XGBoost,classical
ece,nostalgia,0.11497974620562557,leave_one_genre_out,XGBoost,classical
mae,calmness,0.19878091469290282,leave_one_genre_out,XGBoost,classical
pearson,calmness,0.4041389806097757,leave_one_genre_out,XGBoost,classical
spearman,calmness,0.39009711646392226,leave_one_genre_out,XGBoost,classical
ece,calmness,0.11512352894248465,leave_one_genre_out,XGBoost,classical
mae,power,0.09770826833163616,leave_one_genre_out,XGBoost,classical
pearson,power,0.505588551565632,leave_one_genre_out,XGBoost,classical
spearman,power,0.5447169558548723,leave_one_genre_out,XGBoost,classical
ece,power,0.031098900359167035,leave_one_genre_out,XGBoost,classical
mae,joy,0.2228462905843439,leave_one_genre_out,XGBoost,classical
pearson,joy,0.394619812432067,leave_one_genre_out,XGBoost,classical
spearman,joy,0.4255311999532951,leave_one_genre_out,XGBoost,classical
ece,joy,0.19782159713396205,leave_one_genre_out,XGBoost,classical
mae,tension,0.13932980589972255,leave_one_genre_out,XGBoost,classical
pearson,tension,-0.05867505198267515,leave_one_genre_out,XGBoost,classical
spearman,tension,-0.07367964038095356,leave_one_genre_out,XGBoost,classical
ece,tension,0.03986249842489675,leave_one_genre_out,XGBoost,classical
mae,sadness,0.17355600809700758,leave_one_genre_out,XGBoost,classical
pearson,sadness,-0.00013389716608073685,leave_one_genre_out,XGBoost,classical
spearman,sadness,0.04188870800105405,leave_one_genre_out,XGBoost,classical
ece,sadness,0.12391577158189672,leave_one_genre_out,XGBoost,classical
mae,macro,0.15004897884155252,leave_one_genre_out,XGBoost,classical
pearson,macro,0.18235516385230752,leave_one_genre_out,XGBoost,classical
spearman,macro,0.18899367737579997,leave_one_genre_out,XGBoost,classical
ece,macro,0.08654797922851784,leave_one_genre_out,XGBoost,classical
topk_overlap,macro,0.44666666666666666,leave_one_genre_out,XGBoost,classical
mae,amazement,0.17818994275737995,leave_one_genre_out,MLP,classical
pearson,amazement,-0.0711678661835046,leave_one_genre_out,MLP,classical
spearman,amazement,-0.08653119384044823,leave_one_genre_out,MLP,classical
ece,amazement,0.17454902422977914,leave_one_genre_out,MLP,classical
mae,solemnity,0.2261920707985371,leave_one_genre_out,MLP,classical
pearson,solemnity,0.00873197143714673,leave_one_genre_out,MLP,classical
spearman,solemnity,0.03218890087947181,leave_one_genre_out,MLP,classical
ece,solemnity,0.19821576577401673,leave_one_genre_out,MLP,classical
mae,tenderness,0.232050896369086,leave_one_genre_out,MLP,classical
pearson,tenderness,0.1976976608842061,leave_one_genre_out,MLP,classical
spearman,tenderness,0.20604676425330595,leave_one_genre_out,MLP,classical
ece,tenderness,0.18733017167882673,leave_one_genre_out,MLP,classical
mae,nostalgia,0.24791910494976496,leave_one_genre_out,MLP,classical
pearson,nostalgia,0.12399412527308926,leave_one_genre_out,MLP,classical
spearman,nostalgia,0.15345877271514283,leave_one_genre_out,MLP,classical
ece,nostalgia,0.20749422833632888,leave_one_genre_out,MLP,classical
mae,calmness,0.2753800407499977,leave_one_genre_out,MLP,classical
pearson,calmness,0.17149592772432612,leave_one_genre_out,MLP,classical
spearman,calmness,0.198924584846208,leave_one_genre_out,MLP,classical
ece,calmness,0.19787213877537235,leave_one_genre_out,MLP,classical
mae,power,0.1647197386657231,leave_one_genre_out,MLP,classical
pearson,power,-0.05926876712415197,leave_one_genre_out,MLP,classical
spearman,power,0.0326327883774208,leave_one_genre_out,MLP,classical
ece,power,0.1443587540210413,leave_one_genre_out,MLP,classical
mae,joy,0.2645927294750553,leave_one_genre_out,MLP,classical
pearson,joy,-0.018116963491620546,leave_one_genre_out,MLP,classical
spearman,joy,0.0755955135552289,leave_one_genre_out,MLP,classical
ece,joy,0.24487720403129834,leave_one_genre_out,MLP,classical
mae,tension,0.20000133208740006,leave_one_genre_out,MLP,classical
pearson,tension,0.04217847671849555,leave_one_genre_out,MLP,classical
spearman,tension,0.10765764593664037,leave_one_genre_out,MLP,classical
ece,tension,0.1763930627438161,leave_one_genre_out,MLP,classical
mae,sadness,0.2978413267707023,leave_one_genre_out,MLP,classical
pearson,sadness,0.18074444219637506,leave_one_genre_out,MLP,classical
spearman,sadness,0.16480209080668926,leave_one_genre_out,MLP,classical
ece,sadness,0.2305706177378199,leave_one_genre_out,MLP,classical
mae,macro,0.23187635362484965,leave_one_genre_out,MLP,classical
pearson,macro,0.0640321119371513,leave_one_genre_out,MLP,classical
spearman,macro,0.09830842972551773,leave_one_genre_out,MLP,classical
ece,macro,0.1957401074809222,leave_one_genre_out,MLP,classical
topk_overlap,macro,0.44,leave_one_genre_out,MLP,classical
mae,amazement,0.07688711348225262,leave_one_genre_out,BaselineMean,electronic
pearson,amazement,,leave_one_genre_out,BaselineMean,electronic
spearman,amazement,,leave_one_genre_out,BaselineMean,electronic
ece,amazement,0.021030982455777725,leave_one_genre_out,BaselineMean,electronic
mae,solemnity,0.13884538742375926,leave_one_genre_out,BaselineMean,electronic
pearson,solemnity,,leave_one_genre_out,BaselineMean,electronic
spearman,solemnity,,leave_one_genre_out,BaselineMean,electronic
ece,solemnity,0.08658156716126819,leave_one_genre_out,BaselineMean,electronic
mae,tenderness,0.15066245886178944,leave_one_genre_out,BaselineMean,electronic
pearson,tenderness,,leave_one_genre_out,BaselineMean,electronic
spearman,tenderness,,leave_one_genre_out,BaselineMean,electronic
ece,tenderness,0.13683422958465855,leave_one_genre_out,BaselineMean,electronic
mae,nostalgia,0.1815446235822397,leave_one_genre_out,BaselineMean,electronic
pearson,nostalgia,,leave_one_genre_out,BaselineMean,electronic
spearman,nostalgia,,leave_one_genre_out,BaselineMean,electronic
ece,nostalgia,0.15453840881349926,leave_one_genre_out,BaselineMean,electronic
mae,calmness,0.1949849794725359,leave_one_genre_out,BaselineMean,electronic
pearson,calmness,,leave_one_genre_out,BaselineMean,electronic
spearman,calmness,,leave_one_genre_out,BaselineMean,electronic
ece,calmness,0.017351192143773453,leave_one_genre_out,BaselineMean,electronic
mae,power,0.15432508732473577,leave_one_genre_out,BaselineMean,electronic
pearson,power,,leave_one_genre_out,BaselineMean,electronic
spearman,power,,leave_one_genre_out,BaselineMean,electronic
ece,power,0.0926480178143381,leave_one_genre_out,BaselineMean,electronic
mae,joy,0.19511112791029364,leave_one_genre_out,BaselineMean,electronic
pearson,joy,,leave_one_genre_out,BaselineMean,electronic
spearman,joy,,leave_one_genre_out,BaselineMean,electronic
ece,joy,0.006242764486580399,leave_one_genre_out,BaselineMean,electronic
mae,tension,0.21269938030562485,leave_one_genre_out,BaselineMean,electronic
pearson,tension,,leave_one_genre_out,BaselineMean,electronic
spearman,tension,,leave_one_genre_out,BaselineMean,electronic
ece,tension,0.17667117664448667,leave_one_genre_out,BaselineMean,electronic
mae,sadness,0.1309312098411671,leave_one_genre_out,BaselineMean,electronic
pearson,sadness,,leave_one_genre_out,BaselineMean,electronic
spearman,sadness,,leave_one_genre_out,BaselineMean,electronic
ece,sadness,0.06775437711214682,leave_one_genre_out,BaselineMean,electronic
mae,macro,0.15955459646715534,leave_one_genre_out,BaselineMean,electronic
pearson,macro,,leave_one_genre_out,BaselineMean,electronic
spearman,macro,,leave_one_genre_out,BaselineMean,electronic
ece,macro,0.08440585735739212,leave_one_genre_out,BaselineMean,electronic
topk_overlap,macro,0.36666666666666664,leave_one_genre_out,BaselineMean,electronic
mae,amazement,0.13241084469220543,leave_one_genre_out,Ridge,electronic
pearson,amazement,-0.011084169870722419,leave_one_genre_out,Ridge,electronic
spearman,amazement,-0.0477671800049975,leave_one_genre_out,Ridge,electronic
ece,amazement,0.09654513807671418,leave_one_genre_out,Ridge,electronic
mae,solemnity,0.15050579642757694,leave_one_genre_out,Ridge,electronic
pearson,solemnity,0.30864403387777817,leave_one_genre_out,Ridge,electronic
spearman,solemnity,0.32403706027385376,leave_one_genre_out,Ridge,electronic
ece,solemnity,0.09428352861556896,leave_one_genre_out,Ridge,electronic
mae,tenderness,0.11271279805953846,leave_one_genre_out,Ridge,electronic
pearson,tenderness,0.16615399059307343,leave_one_genre_out,Ridge,electronic
spearman,tenderness,0.2142672093683062,leave_one_genre_out,Ridge,electronic
ece,tenderness,0.09475577279238348,leave_one_genre_out,Ridge,electronic
mae,nostalgia,0.1406888965250008,leave_one_genre_out,Ridge,electronic
pearson,nostalgia,0.19701269428903556,leave_one_genre_out,Ridge,electronic
spearman,nostalgia,0.194582436620701,leave_one_genre_out,Ridge,electronic
ece,nostalgia,0.10882085204768784,leave_one_genre_out,Ridge,electronic
mae,calmness,0.2353660494436953,leave_one_genre_out,Ridge,electronic
pearson,calmness,0.22422039230986132,leave_one_genre_out,Ridge,electronic
spearman,calmness,0.26791833270962395,leave_one_genre_out,Ridge,electronic
ece,calmness,0.16095324667136182,leave_one_genre_out,Ridge,electronic
mae,power,0.17829508710683176,leave_one_genre_out,Ridge,electronic
pearson,power,0.21575027978417693,leave_one_genre_out,Ridge,electronic
spearman,power,0.3110510919773611,leave_one_genre_out,Ridge,electronic
ece,power,0.12072995432644364,leave_one_genre_out,Ridge,electronic
mae,joy,0.21158590330741284,leave_one_genre_out,Ridge,electronic
pearson,joy,0.5701367942328472,leave_one_genre_out,Ridge,electronic
spearman,joy,0.6030796518982989,leave_one_genre_out,Ridge,electronic
ece,joy,0.09875402780338041,leave_one_genre_out,Ridge,electronic
mae,tension,0.18974960536436325,leave_one_genre_out,Ridge,electronic
pearson,tension,0.42384297413134575,leave_one_genre_out,Ridge,electronic
spearman,tension,0.437789913885381,leave_one_genre_out,Ridge,electronic
ece,tension,0.11320051646326072,leave_one_genre_out,Ridge,electronic
mae,sadness,0.13870938319830114,leave_one_genre_out,Ridge,electronic
pearson,sadness,0.2644277281171319,leave_one_genre_out,Ridge,electronic
spearman,sadness,0.26552105999578146,leave_one_genre_out,Ridge,electronic
ece,sadness,0.09812937943516768,leave_one_genre_out,Ridge,electronic
mae,macro,0.1655582626805473,leave_one_genre_out,Ridge,electronic
pearson,macro,0.26212274638494754,leave_one_genre_out,Ridge,electronic
spearman,macro,0.28560884185825663,leave_one_genre_out,Ridge,electronic
ece,macro,0.1095747129146632,leave_one_genre_out,Ridge,electronic
topk_overlap,macro,0.57,leave_one_genre_out,Ridge,electronic
mae,amazement,0.07673448148960457,leave_one_genre_out,RandomForest,electronic
pearson,amazement,0.07859824870126261,leave_one_genre_out,RandomForest,electronic
spearman,amazement,0.05336077289692683,leave_one_genre_out,RandomForest,electronic
ece,amazement,0.024841483517591884,leave_one_genre_out,RandomForest,electronic
mae,solemnity,0.13170436838077063,leave_one_genre_out,RandomForest,electronic
pearson,solemnity,0.29097586486041405,leave_one_genre_out,RandomForest,electronic
spearman,solemnity,0.27012180219849063,leave_one_genre_out,RandomForest,electronic
ece,solemnity,0.061779628458185396,leave_one_genre_out,RandomForest,electronic
mae,tenderness,0.09769416388803273,leave_one_genre_out,RandomForest,electronic
pearson,tenderness,0.3911565071594467,leave_one_genre_out,RandomForest,electronic
spearman,tenderness,0.42543352905455906,leave_one_genre_out,RandomForest,electronic
ece,tenderness,0.07490899388868712,leave_one_genre_out,RandomForest,electronic
mae,nostalgia,0.14465507905104474,leave_one_genre_out,RandomForest,electronic
pearson,nostalgia,0.27257248177405125,leave_one_genre_out,RandomForest,electronic
spearman,nostalgia,0.20946152903890328,leave_one_genre_out,RandomForest,electronic
ece,nostalgia,0.1030945924638793,leave_one_genre_out,RandomForest,electronic
mae,calmness,0.16333677186873133,leave_one_genre_out,RandomForest,electronic
pearson,calmness,0.4762064897280798,leave_one_genre_out,RandomForest,electronic
spearman,calmness,0.5175581458740577,leave_one_genre_out,RandomForest,electronic
ece,calmness,0.03790958814195618,leave_one_genre_out,RandomForest,electronic
mae,power,0.1341603715312952,leave_one_genre_out,RandomForest,electronic
pearson,power,0.41684964328908597,leave_one_genre_out,RandomForest,electronic
spearman,power,0.43180978928487795,leave_one_genre_out,RandomForest,electronic
ece,power,0.044177219242370135,leave_one_genre_out,RandomForest,electronic
mae,joy,0.16387819264945735,leave_one_genre_out,RandomForest,electronic
pearson,joy,0.48668154149698223,leave_one_genre_out,RandomForest,electronic
spearman,joy,0.4918440887289997,leave_one_genre_out,RandomForest,electronic
ece,joy,0.027314911402941233,leave_one_genre_out,RandomForest,electronic
mae,tension,0.16946487624384082,leave_one_genre_out,RandomForest,electronic
pearson,tension,0.22375443899016897,leave_one_genre_out,RandomForest,electronic
spearman,tension,0.2923436673877405,leave_one_genre_out,RandomForest,electronic
ece,tension,0.09310687947724011,leave_one_genre_out,RandomForest,electronic
mae,sadness,0.11871897676615266,leave_one_genre_out,RandomForest,electronic
pearson,sadness,0.3404158295756221,leave_one_genre_out,RandomForest,electronic
spearman,sadness,0.34782406176278374,leave_one_genre_out,RandomForest,electronic
ece,sadness,0.057774042804954524,leave_one_genre_out,RandomForest,electronic
mae,macro,0.13337192020765892,leave_one_genre_out,RandomForest,electronic
pearson,macro,0.3308012272861237,leave_one_genre_out,RandomForest,electronic
spearman,macro,0.3377508206919266,leave_one_genre_out,RandomForest,electronic
ece,macro,0.05832303771086732,leave_one_genre_out,RandomForest,electronic
topk_overlap,macro,0.6133333333333334,leave_one_genre_out,RandomForest,electronic
mae,amazement,0.07611038327059372,leave_one_genre_out,XGBoost,electronic
pearson,amazement,0.01147269404835917,leave_one_genre_out,XGBoost,electronic
spearman,amazement,0.010370771267879362,leave_one_genre_out,XGBoost,electronic
ece,amazement,0.019911351478026158,leave_one_genre_out,XGBoost,electronic
mae,solemnity,0.12206974505955395,leave_one_genre_out,XGBoost,electronic
pearson,solemnity,0.3994645406048378,leave_one_genre_out,XGBoost,electronic
spearman,solemnity,0.4225067086743946,leave_one_genre_out,XGBoost,electronic
ece,solemnity,0.04789032715414704,leave_one_genre_out,XGBoost,electronic
mae,tenderness,0.11882306765100868,leave_one_genre_out,XGBoost,electronic
pearson,tenderness,0.38360320321467584,leave_one_genre_out,XGBoost,electronic
spearman,tenderness,0.36659270481277323,leave_one_genre_out,XGBoost,electronic
ece,tenderness,0.10502429613489767,leave_one_genre_out,XGBoost,electronic
mae,nostalgia,0.15286297137556715,leave_one_genre_out,XGBoost,electronic
pearson,nostalgia,0.2807333727028835,leave_one_genre_out,XGBoost,electronic
spearman,nostalgia,0.23205588386989992,leave_one_genre_out,XGBoost,electronic
ece,nostalgia,0.11981093425988432,leave_one_genre_out,XGBoost,electronic
mae,calmness,0.17563620339259614,leave_one_genre_out,XGBoost,electronic
pearson,calmness,0.3736776456798435,leave_one_genre_out,XGBoost,electronic
spearman,calmness,0.390090124273604,leave_one_genre_out,XGBoost,electronic
ece,calmness,0.03169951126304602,leave_one_genre_out,XGBoost,electronic
mae,power,0.1428205481600246,leave_one_genre_out,XGBoost,electronic
pearson,power,0.29740285686288814,leave_one_genre_out,XGBoost,electronic
spearman,power,0.33294432951396163,leave_one_genre_out,XGBoost,electronic
ece,power,0.05883405284093151,leave_one_genre_out,XGBoost,electronic
mae,joy,0.1577757751978386,leave_one_genre_out,XGBoost,electronic
pearson,joy,0.5399154441220221,leave_one_genre_out,XGBoost,electronic
spearman,joy,0.548491105316648,leave_one_genre_out,XGBoost,electronic
ece,joy,0.030385965684449817,leave_one_genre_out,XGBoost,electronic
mae,tension,0.15308684942582607,leave_one_genre_out,XGBoost,electronic
pearson,tension,0.30650719319068315,leave_one_genre_out,XGBoost,electronic
spearman,tension,0.3274328617481069,leave_one_genre_out,XGBoost,electronic
ece,tension,0.04748650771927896,leave_one_genre_out,XGBoost,electronic
mae,sadness,0.13500203914410341,leave_one_genre_out,XGBoost,electronic
pearson,sadness,0.3534439003572034,leave_one_genre_out,XGBoost,electronic
spearman,sadness,0.3971721258611635,leave_one_genre_out,XGBoost,electronic
ece,sadness,0.08915035724318292,leave_one_genre_out,XGBoost,electronic
mae,macro,0.13713195363079025,leave_one_genre_out,XGBoost,electronic
pearson,macro,0.32735787230926633,leave_one_genre_out,XGBoost,electronic
spearman,macro,0.336406290593159,leave_one_genre_out,XGBoost,electronic
ece,macro,0.06113258930864937,leave_one_genre_out,XGBoost,electronic
topk_overlap,macro,0.5566666666666668,leave_one_genre_out,XGBoost,electronic
mae,amazement,0.27774212431250145,leave_one_genre_out,MLP,electronic
pearson,amazement,-0.01533580457735215,leave_one_genre_out,MLP,electronic
spearman,amazement,-0.06327318374405168,leave_one_genre_out,MLP,electronic
ece,amazement,0.23866387744066703,leave_one_genre_out,MLP,electronic
mae,solemnity,0.2995430033155103,leave_one_genre_out,MLP,electronic
pearson,solemnity,-0.05372669237681291,leave_one_genre_out,MLP,electronic
spearman,solemnity,-0.033574758627593876,leave_one_genre_out,MLP,electronic
ece,solemnity,0.233321418085398,leave_one_genre_out,MLP,electronic
mae,tenderness,0.3405185129524667,leave_one_genre_out,MLP,electronic
pearson,tenderness,-0.12022663364604394,leave_one_genre_out,MLP,electronic
spearman,tenderness,-0.17467131370007807,leave_one_genre_out,MLP,electronic
ece,tenderness,0.26468149754082493,leave_one_genre_out,MLP,electronic
mae,nostalgia,0.3196277667333229,leave_one_genre_out,MLP,electronic
pearson,nostalgia,-0.04197937387285136,leave_one_genre_out,MLP,electronic
spearman,nostalgia,-0.11406066962579006,leave_one_genre_out,MLP,electronic
ece,nostalgia,0.2356001259725099,leave_one_genre_out,MLP,electronic
mae,calmness,0.3276131656080017,leave_one_genre_out,MLP,electronic
pearson,calmness,0.046122749121575254,leave_one_genre_out,MLP,electronic
spearman,calmness,0.0277864591112161,leave_one_genre_out,MLP,electronic
ece,calmness,0.22685716270119988,leave_one_genre_out,MLP,electronic
mae,power,0.30117800699602815,leave_one_genre_out,MLP,electronic
pearson,power,0.24107262513062508,leave_one_genre_out,MLP,electronic
spearman,power,0.24849073125020857,leave_one_genre_out,MLP,electronic
ece,power,0.20916536223403434,leave_one_genre_out,MLP,electronic
mae,joy,0.32022033661075144,leave_one_genre_out,MLP,electronic
pearson,joy,0.3918192669824781,leave_one_genre_out,MLP,electronic
spearman,joy,0.3790317505031999,leave_one_genre_out,MLP,electronic
ece,joy,0.2036693095940609,leave_one_genre_out,MLP,electronic
mae,tension,0.33802563185067513,leave_one_genre_out,MLP,electronic
pearson,tension,0.23315463760248398,leave_one_genre_out,MLP,electronic
spearman,tension,0.24915297480954438,leave_one_genre_out,MLP,electronic
ece,tension,0.1710606147414472,leave_one_genre_out,MLP,electronic
mae,sadness,0.2446612605367999,leave_one_genre_out,MLP,electronic
pearson,sadness,0.12393492677744437,leave_one_genre_out,MLP,electronic
spearman,sadness,0.1925295949336067,leave_one_genre_out,MLP,electronic
ece,sadness,0.19622095844701226,leave_one_genre_out,MLP,electronic
mae,macro,0.30768108987956194,leave_one_genre_out,MLP,electronic
pearson,macro,0.08942618901572737,leave_one_genre_out,MLP,electronic
spearman,macro,0.07904573165669576,leave_one_genre_out,MLP,electronic
ece,macro,0.21991559186190607,leave_one_genre_out,MLP,electronic
topk_overlap,macro,0.54,leave_one_genre_out,MLP,electronic
mae,amazement,0.08490571682324687,leave_one_genre_out,BaselineMean,pop
pearson,amazement,,leave_one_genre_out,BaselineMean,pop
spearman,amazement,,leave_one_genre_out,BaselineMean,pop
ece,amazement,0.0022259217688840593,leave_one_genre_out,BaselineMean,pop
mae,solemnity,0.12776977453345661,leave_one_genre_out,BaselineMean,pop
pearson,solemnity,,leave_one_genre_out,BaselineMean,pop
spearman,solemnity,,leave_one_genre_out,BaselineMean,pop
ece,solemnity,0.07767310969077904,leave_one_genre_out,BaselineMean,pop
mae,tenderness,0.16874947165666718,leave_one_genre_out,BaselineMean,pop
pearson,tenderness,,leave_one_genre_out,BaselineMean,pop
spearman,tenderness,,leave_one_genre_out,BaselineMean,pop
ece,tenderness,0.09186228495306614,leave_one_genre_out,BaselineMean,pop
mae,nostalgia,0.16163411559601965,leave_one_genre_out,BaselineMean,pop
pearson,nostalgia,,leave_one_genre_out,BaselineMean,pop
spearman,nostalgia,,leave_one_genre_out,BaselineMean,pop
ece,nostalgia,0.0952682654041111,leave_one_genre_out,BaselineMean,pop
mae,calmness,0.18610855320444064,leave_one_genre_out,BaselineMean,pop
pearson,calmness,,leave_one_genre_out,BaselineMean,pop
spearman,calmness,,leave_one_genre_out,BaselineMean,pop
ece,calmness,0.024372242168000158,leave_one_genre_out,BaselineMean,pop
mae,power,0.15643293808069048,leave_one_genre_out,BaselineMean,pop
pearson,power,,leave_one_genre_out,BaselineMean,pop
spearman,power,,leave_one_genre_out,BaselineMean,pop
ece,power,0.06904752253187146,leave_one_genre_out,BaselineMean,pop
mae,joy,0.20239883153412352,leave_one_genre_out,BaselineMean,pop
pearson,joy,,leave_one_genre_out,BaselineMean,pop
spearman,joy,,leave_one_genre_out,BaselineMean,pop
ece,joy,0.020488637355608852,leave_one_genre_out,BaselineMean,pop
mae,tension,0.1596278577470216,leave_one_genre_out,BaselineMean,pop
pearson,tension,,leave_one_genre_out,BaselineMean,pop
spearman,tension,,leave_one_genre_out,BaselineMean,pop
ece,tension,0.05891213263101336,leave_one_genre_out,BaselineMean,pop
mae,sadness,0.13581039743608003,leave_one_genre_out,BaselineMean,pop
pearson,sadness,,leave_one_genre_out,BaselineMean,pop
spearman,sadness,,leave_one_genre_out,BaselineMean,pop
ece,sadness,0.04783741152328971,leave_one_genre_out,BaselineMean,pop
mae,macro,0.15371529517908294,leave_one_genre_out,BaselineMean,pop
pearson,macro,,leave_one_genre_out,BaselineMean,pop
spearman,macro,,leave_one_genre_out,BaselineMean,pop
ece,macro,0.054187503114069314,leave_one_genre_out,BaselineMean,pop
topk_overlap,macro,0.42333333333333334,leave_one_genre_out,BaselineMean,pop
mae,amazement,0.09449553701219963,leave_one_genre_out,Ridge,pop
pearson,amazement,0.07510318982062283,leave_one_genre_out,Ridge,pop
spearman,amazement,0.04849477969353804,leave_one_genre_out,Ridge,pop
ece,amazement,0.038076805129433455,leave_one_genre_out,Ridge,pop
mae,solemnity,0.10907890645623697,leave_one_genre_out,Ridge,pop
pearson,solemnity,0.3145045137043053,leave_one_genre_out,Ridge,pop
spearman,solemnity,0.34015496977197573,leave_one_genre_out,Ridge,pop
ece,solemnity,0.05049359127791875,leave_one_genre_out,Ridge,pop
mae,tenderness,0.13467736938128724,leave_one_genre_out,Ridge,pop
pearson,tenderness,0.4904417148484539,leave_one_genre_out,Ridge,pop
spearman,tenderness,0.5032826562053468,leave_one_genre_out,Ridge,pop
ece,tenderness,0.0570553567149569,leave_one_genre_out,Ridge,pop
mae,nostalgia,0.13783015237582324,leave_one_genre_out,Ridge,pop
pearson,nostalgia,0.36260914881019024,leave_one_genre_out,Ridge,pop
spearman,nostalgia,0.3908434942784218,leave_one_genre_out,Ridge,pop
ece,nostalgia,0.05422643005969157,leave_one_genre_out,Ridge,pop
mae,calmness,0.16016297687991363,leave_one_genre_out,Ridge,pop
pearson,calmness,0.44029153362499995,leave_one_genre_out,Ridge,pop
spearman,calmness,0.4836754946959959,leave_one_genre_out,Ridge,pop
ece,calmness,0.06549511758574074,leave_one_genre_out,Ridge,pop
mae,power,0.13118554719221986,leave_one_genre_out,Ridge,pop
pearson,power,0.4515200010838408,leave_one_genre_out,Ridge,pop
spearman,power,0.4296968418555471,leave_one_genre_out,Ridge,pop
ece,power,0.07230251430616934,leave_one_genre_out,Ridge,pop
mae,joy,0.15737813957879926,leave_one_genre_out,Ridge,pop
pearson,joy,0.5004892065437209,leave_one_genre_out,Ridge,pop
spearman,joy,0.49096162305802615,leave_one_genre_out,Ridge,pop
ece,joy,0.06527085743776302,leave_one_genre_out,Ridge,pop
mae,tension,0.1144741275777347,leave_one_genre_out,Ridge,pop
pearson,tension,0.50282947741644,leave_one_genre_out,Ridge,pop
spearman,tension,0.5084258701081896,leave_one_genre_out,Ridge,pop
ece,tension,0.024353076115218846,leave_one_genre_out,Ridge,pop
mae,sadness,0.13633247192293088,leave_one_genre_out,Ridge,pop
pearson,sadness,0.26145870690450007,leave_one_genre_out,Ridge,pop
spearman,sadness,0.2527618928639517,leave_one_genre_out,Ridge,pop
ece,sadness,0.07099106347002568,leave_one_genre_out,Ridge,pop
mae,macro,0.13062391426412728,leave_one_genre_out,Ridge,pop
pearson,macro,0.3776941658618971,leave_one_genre_out,Ridge,pop
spearman,macro,0.38314418028122144,leave_one_genre_out,Ridge,pop
ece,macro,0.05536275689965759,leave_one_genre_out,Ridge,pop
topk_overlap,macro,0.6199999999999999,leave_one_genre_out,Ridge,pop
mae,amazement,0.08119512934513366,leave_one_genre_out,RandomForest,pop
pearson,amazement,0.3046592968386772,leave_one_genre_out,RandomForest,pop
spearman,amazement,0.37503684903755546,leave_one_genre_out,RandomForest,pop
ece,amazement,0.0035913152492769622,leave_one_genre_out,RandomForest,pop
mae,solemnity,0.11169266855445345,leave_one_genre_out,RandomForest,pop
pearson,solemnity,0.343339565065951,leave_one_genre_out,RandomForest,pop
spearman,solemnity,0.32461752274691075,leave_one_genre_out,RandomForest,pop
ece,solemnity,0.06427421643508477,leave_one_genre_out,RandomForest,pop
mae,tenderness,0.13899244116564313,leave_one_genre_out,RandomForest,pop
pearson,tenderness,0.5072053057730704,leave_one_genre_out,RandomForest,pop
spearman,tenderness,0.5604000058573052,leave_one_genre_out,RandomForest,pop
ece,tenderness,0.08104660924015997,leave_one_genre_out,RandomForest,pop
mae,nostalgia,0.13325537366576576,leave_one_genre_out,RandomForest,pop
pearson,nostalgia,0.43763173280428147,leave_one_genre_out,RandomForest,pop
spearman,nostalgia,0.4509849706125618,leave_one_genre_out,RandomForest,pop
ece,nostalgia,0.07254610881795133,leave_one_genre_out,RandomForest,pop
mae,calmness,0.14020929283742323,leave_one_genre_out,RandomForest,pop
pearson,calmness,0.5840003879928128,leave_one_genre_out,RandomForest,pop
spearman,calmness,0.5844790664519333,leave_one_genre_out,RandomForest,pop
ece,calmness,0.04144541525777897,leave_one_genre_out,RandomForest,pop
mae,power,0.11884962187811374,leave_one_genre_out,RandomForest,pop
pearson,power,0.6946574319879428,leave_one_genre_out,RandomForest,pop
spearman,power,0.656022856827118,leave_one_genre_out,RandomForest,pop
ece,power,0.07047000166982278,leave_one_genre_out,RandomForest,pop
mae,joy,0.14671067321609021,leave_one_genre_out,RandomForest,pop
pearson,joy,0.6271193619117772,leave_one_genre_out,RandomForest,pop
spearman,joy,0.6310774909721178,leave_one_genre_out,RandomForest,pop
ece,joy,0.05556643068622712,leave_one_genre_out,RandomForest,pop
mae,tension,0.13274211045969447,leave_one_genre_out,RandomForest,pop
pearson,tension,0.5259235899283834,leave_one_genre_out,RandomForest,pop
spearman,tension,0.4922142651770705,leave_one_genre_out,RandomForest,pop
ece,tension,0.050508247223079554,leave_one_genre_out,RandomForest,pop
mae,sadness,0.123194088403684,leave_one_genre_out,RandomForest,pop
pearson,sadness,0.38004402969807444,leave_one_genre_out,RandomForest,pop
spearman,sadness,0.4053440295528504,leave_one_genre_out,RandomForest,pop
ece,sadness,0.03274077091780679,leave_one_genre_out,RandomForest,pop
mae,macro,0.12520459994733352,leave_one_genre_out,RandomForest,pop
pearson,macro,0.4893978557778856,leave_one_genre_out,RandomForest,pop
spearman,macro,0.4977974508039359,leave_one_genre_out,RandomForest,pop
ece,macro,0.052465457277465356,leave_one_genre_out,RandomForest,pop
topk_overlap,macro,0.6266666666666666,leave_one_genre_out,RandomForest,pop
mae,amazement,0.08095823576994458,leave_one_genre_out,XGBoost,pop
pearson,amazement,0.2961166961794481,leave_one_genre_out,XGBoost,pop
spearman,amazement,0.3445332801664245,leave_one_genre_out,XGBoost,pop
ece,amazement,0.022174874174102514,leave_one_genre_out,XGBoost,pop
mae,solemnity,0.11060684715410503,leave_one_genre_out,XGBoost,pop
pearson,solemnity,0.24601998356899277,leave_one_genre_out,XGBoost,pop
spearman,solemnity,0.18955113030567158,leave_one_genre_out,XGBoost,pop
ece,solemnity,0.05119344804563303,leave_one_genre_out,XGBoost,pop
mae,tenderness,0.12982466893403177,leave_one_genre_out,XGBoost,pop
pearson,tenderness,0.5055459774400468,leave_one_genre_out,XGBoost,pop
spearman,tenderness,0.541424931513265,leave_one_genre_out,XGBoost,pop
ece,tenderness,0.06013551760505228,leave_one_genre_out,XGBoost,pop
mae,nostalgia,0.13206170294454034,leave_one_genre_out,XGBoost,pop
pearson,nostalgia,0.41411309737508645,leave_one_genre_out,XGBoost,pop
spearman,nostalgia,0.42955274810485833,leave_one_genre_out,XGBoost,pop
ece,nostalgia,0.06079064856189361,leave_one_genre_out,XGBoost,pop
mae,calmness,0.15042961125648657,leave_one_genre_out,XGBoost,pop
pearson,calmness,0.4813743944831586,leave_one_genre_out,XGBoost,pop
spearman,calmness,0.5001262237820088,leave_one_genre_out,XGBoost,pop
ece,calmness,0.037207330006234524,leave_one_genre_out,XGBoost,pop
mae,power,0.10810189290486898,leave_one_genre_out,XGBoost,pop
pearson,power,0.6762705588726288,leave_one_genre_out,XGBoost,pop
spearman,power,0.6380726829421832,leave_one_genre_out,XGBoost,pop
ece,power,0.05205204177139509,leave_one_genre_out,XGBoost,pop
mae,joy,0.14045295023699822,leave_one_genre_out,XGBoost,pop
pearson,joy,0.6423104456350267,leave_one_genre_out,XGBoost,pop
spearman,joy,0.6427617629150812,leave_one_genre_out,XGBoost,pop
ece,joy,0.03631971458333684,leave_one_genre_out,XGBoost,pop
mae,tension,0.12233386606356172,leave_one_genre_out,XGBoost,pop
pearson,tension,0.4867532564024216,leave_one_genre_out,XGBoost,pop
spearman,tension,0.5019484230195196,leave_one_genre_out,XGBoost,pop
ece,tension,0.025272339381185994,leave_one_genre_out,XGBoost,pop
mae,sadness,0.1174045663419523,leave_one_genre_out,XGBoost,pop
pearson,sadness,0.40056962901023374,leave_one_genre_out,XGBoost,pop
spearman,sadness,0.4608561675933266,leave_one_genre_out,XGBoost,pop
ece,sadness,0.03195596182105451,leave_one_genre_out,XGBoost,pop
mae,macro,0.12135270462294329,leave_one_genre_out,XGBoost,pop
pearson,macro,0.4610082265518937,leave_one_genre_out,XGBoost,pop
spearman,macro,0.4720919278158154,leave_one_genre_out,XGBoost,pop
ece,macro,0.04190020843887649,leave_one_genre_out,XGBoost,pop
topk_overlap,macro,0.6200000000000001,leave_one_genre_out,XGBoost,pop
mae,amazement,0.12481316525032553,leave_one_genre_out,MLP,pop
pearson,amazement,0.22275831354324335,leave_one_genre_out,MLP,pop
spearman,amazement,0.27167171171340276,leave_one_genre_out,MLP,pop
ece,amazement,0.10250025263938829,leave_one_genre_out,MLP,pop
mae,solemnity,0.1522810788155694,leave_one_genre_out,MLP,pop
pearson,solemnity,0.13333639335464184,leave_one_genre_out,MLP,pop
spearman,solemnity,0.10909459534168464,leave_one_genre_out,MLP,pop
ece,solemnity,0.1176239616517264,leave_one_genre_out,MLP,pop
mae,tenderness,0.1852289495999753,leave_one_genre_out,MLP,pop
pearson,tenderness,0.2903950927700742,leave_one_genre_out,MLP,pop
spearman,tenderness,0.3018422771439792,leave_one_genre_out,MLP,pop
ece,tenderness,0.12363535271186926,leave_one_genre_out,MLP,pop
mae,nostalgia,0.20813240933711302,leave_one_genre_out,MLP,pop
pearson,nostalgia,0.06111026909932901,leave_one_genre_out,MLP,pop
spearman,nostalgia,0.07201963938333703,leave_one_genre_out,MLP,pop
ece,nostalgia,0.17693786998918326,leave_one_genre_out,MLP,pop
mae,calmness,0.19859863845087666,leave_one_genre_out,MLP,pop
pearson,calmness,0.3943249879360868,leave_one_genre_out,MLP,pop
spearman,calmness,0.37257746284082166,leave_one_genre_out,MLP,pop
ece,calmness,0.11015242064161193,leave_one_genre_out,MLP,pop
mae,power,0.16846759269905856,leave_one_genre_out,MLP,pop
pearson,power,0.3277013204327859,leave_one_genre_out,MLP,pop
spearman,power,0.29237629262004206,leave_one_genre_out,MLP,pop
ece,power,0.12690728069333276,leave_one_genre_out,MLP,pop
mae,joy,0.18049921862457438,leave_one_genre_out,MLP,pop
pearson,joy,0.41094931755604014,leave_one_genre_out,MLP,pop
spearman,joy,0.4128222686158387,leave_one_genre_out,MLP,pop
ece,joy,0.07772038135489422,leave_one_genre_out,MLP,pop
mae,tension,0.18740226609688032,leave_one_genre_out,MLP,pop
pearson,tension,0.04959768885807971,leave_one_genre_out,MLP,pop
spearman,tension,0.06958410285297317,leave_one_genre_out,MLP,pop
ece,tension,0.1152601738322465,leave_one_genre_out,MLP,pop
mae,sadness,0.20042210004567193,leave_one_genre_out,MLP,pop
pearson,sadness,0.03543310702979738,leave_one_genre_out,MLP,pop
spearman,sadness,0.025668752640738184,leave_one_genre_out,MLP,pop
ece,sadness,0.15516410053601995,leave_one_genre_out,MLP,pop
mae,macro,0.1784272687688939,leave_one_genre_out,MLP,pop
pearson,macro,0.2139562767311198,leave_one_genre_out,MLP,pop
spearman,macro,0.21418412257253527,leave_one_genre_out,MLP,pop
ece,macro,0.12287797711669696,leave_one_genre_out,MLP,pop
topk_overlap,macro,0.55,leave_one_genre_out,MLP,pop
mae,amazement,0.08149125180548605,leave_one_genre_out,BaselineMean,rock
pearson,amazement,,leave_one_genre_out,BaselineMean,rock
spearman,amazement,,leave_one_genre_out,BaselineMean,rock
ece,amazement,0.005785941439311826,leave_one_genre_out,BaselineMean,rock
mae,solemnity,0.11618652171542085,leave_one_genre_out,BaselineMean,rock
pearson,solemnity,,leave_one_genre_out,BaselineMean,rock
spearman,solemnity,,leave_one_genre_out,BaselineMean,rock
ece,solemnity,0.08793197929708588,leave_one_genre_out,BaselineMean,rock
mae,tenderness,0.1435595520976687,leave_one_genre_out,BaselineMean,rock
pearson,tenderness,,leave_one_genre_out,BaselineMean,rock
spearman,tenderness,,leave_one_genre_out,BaselineMean,rock
ece,tenderness,0.02018962463748908,leave_one_genre_out,BaselineMean,rock
mae,nostalgia,0.15219234059262204,leave_one_genre_out,BaselineMean,rock
pearson,nostalgia,,leave_one_genre_out,BaselineMean,rock
spearman,nostalgia,,leave_one_genre_out,BaselineMean,rock
ece,nostalgia,0.06671371464511039,leave_one_genre_out,BaselineMean,rock
mae,calmness,0.16747954455169645,leave_one_genre_out,BaselineMean,rock
pearson,calmness,,leave_one_genre_out,BaselineMean,rock
spearman,calmness,,leave_one_genre_out,BaselineMean,rock
ece,calmness,0.0574047908438432,leave_one_genre_out,BaselineMean,rock
mae,power,0.15230341616758916,leave_one_genre_out,BaselineMean,rock
pearson,power,,leave_one_genre_out,BaselineMean,rock
spearman,power,,leave_one_genre_out,BaselineMean,rock
ece,power,0.041091574513770074,leave_one_genre_out,BaselineMean,rock
mae,joy,0.1816930004572592,leave_one_genre_out,BaselineMean,rock
pearson,joy,,leave_one_genre_out,BaselineMean,rock
spearman,joy,,leave_one_genre_out,BaselineMean,rock
ece,joy,0.006069359643628702,leave_one_genre_out,BaselineMean,rock
mae,tension,0.12999657868840772,leave_one_genre_out,BaselineMean,rock
pearson,tension,,leave_one_genre_out,BaselineMean,rock
spearman,tension,,leave_one_genre_out,BaselineMean,rock
ece,tension,0.054573329812232285,leave_one_genre_out,BaselineMean,rock
mae,sadness,0.13074389397766223,leave_one_genre_out,BaselineMean,rock
pearson,sadness,,leave_one_genre_out,BaselineMean,rock
spearman,sadness,,leave_one_genre_out,BaselineMean,rock
ece,sadness,0.030774066860643323,leave_one_genre_out,BaselineMean,rock
mae,macro,0.13951623333931248,leave_one_genre_out,BaselineMean,rock
pearson,macro,,leave_one_genre_out,BaselineMean,rock
spearman,macro,,leave_one_genre_out,BaselineMean,rock
ece,macro,0.04117048685479053,leave_one_genre_out,BaselineMean,rock
topk_overlap,macro,0.4033333333333334,leave_one_genre_out,BaselineMean,rock
mae,amazement,0.08893869661193339,leave_one_genre_out,Ridge,rock
pearson,amazement,0.15204512755838204,leave_one_genre_out,Ridge,rock
spearman,amazement,0.17348699031388193,leave_one_genre_out,Ridge,rock
ece,amazement,0.0405536826359781,leave_one_genre_out,Ridge,rock
mae,solemnity,0.09616061056377057,leave_one_genre_out,Ridge,rock
pearson,solemnity,0.27618741965832444,leave_one_genre_out,Ridge,rock
spearman,solemnity,0.25719914965380164,leave_one_genre_out,Ridge,rock
ece,solemnity,0.06143674941623377,leave_one_genre_out,Ridge,rock
mae,tenderness,0.11240814118347477,leave_one_genre_out,Ridge,rock
pearson,tenderness,0.599792127747189,leave_one_genre_out,Ridge,rock
spearman,tenderness,0.5727482328584592,leave_one_genre_out,Ridge,rock
ece,tenderness,0.036447000059850125,leave_one_genre_out,Ridge,rock
mae,nostalgia,0.1346744225108056,leave_one_genre_out,Ridge,rock
pearson,nostalgia,0.3663395031029573,leave_one_genre_out,Ridge,rock
spearman,nostalgia,0.35223947917310716,leave_one_genre_out,Ridge,rock
ece,nostalgia,0.07773093723166354,leave_one_genre_out,Ridge,rock
mae,calmness,0.12496688713596436,leave_one_genre_out,Ridge,rock
pearson,calmness,0.5433931656239721,leave_one_genre_out,Ridge,rock
spearman,calmness,0.5271765600378978,leave_one_genre_out,Ridge,rock
ece,calmness,0.059056136292367625,leave_one_genre_out,Ridge,rock
mae,power,0.12619995009192764,leave_one_genre_out,Ridge,rock
pearson,power,0.5123042272167174,leave_one_genre_out,Ridge,rock
spearman,power,0.5658998485943426,leave_one_genre_out,Ridge,rock
ece,power,0.03393327786646896,leave_one_genre_out,Ridge,rock
mae,joy,0.150736218291314,leave_one_genre_out,Ridge,rock
pearson,joy,0.5855926339890966,leave_one_genre_out,Ridge,rock
spearman,joy,0.6294005467459469,leave_one_genre_out,Ridge,rock
ece,joy,0.07718540501225647,leave_one_genre_out,Ridge,rock
mae,tension,0.11608797092080644,leave_one_genre_out,Ridge,rock
pearson,tension,0.4109798020823837,leave_one_genre_out,Ridge,rock
spearman,tension,0.44711461698507404,leave_one_genre_out,Ridge,rock
ece,tension,0.0599129136978041,leave_one_genre_out,Ridge,rock
mae,sadness,0.12425115180953225,leave_one_genre_out,Ridge,rock
pearson,sadness,0.36364811241966066,leave_one_genre_out,Ridge,rock
spearman,sadness,0.37662927066094626,leave_one_genre_out,Ridge,rock
ece,sadness,0.0344028524806231,leave_one_genre_out,Ridge,rock
mae,macro,0.11938044990216988,leave_one_genre_out,Ridge,rock
pearson,macro,0.42336467993318705,leave_one_genre_out,Ridge,rock
spearman,macro,0.43354385500260645,leave_one_genre_out,Ridge,rock
ece,macro,0.05340655052147175,leave_one_genre_out,Ridge,rock
topk_overlap,macro,0.6066666666666666,leave_one_genre_out,Ridge,rock
mae,amazement,0.07746542519251652,leave_one_genre_out,RandomForest,rock
pearson,amazement,0.33411428319480685,leave_one_genre_out,RandomForest,rock
spearman,amazement,0.3631685983987079,leave_one_genre_out,RandomForest,rock
ece,amazement,0.011269854785408871,leave_one_genre_out,RandomForest,rock
mae,solemnity,0.0845129364285258,leave_one_genre_out,RandomForest,rock
pearson,solemnity,0.34543184061884225,leave_one_genre_out,RandomForest,rock
spearman,solemnity,0.3399397170171669,leave_one_genre_out,RandomForest,rock
ece,solemnity,0.03887137948577625,leave_one_genre_out,RandomForest,rock
mae,tenderness,0.11064152729345011,leave_one_genre_out,RandomForest,rock
pearson,tenderness,0.5852823747971065,leave_one_genre_out,RandomForest,rock
spearman,tenderness,0.5604012634775192,leave_one_genre_out,RandomForest,rock
ece,tenderness,0.026244439622310156,leave_one_genre_out,RandomForest,rock
mae,nostalgia,0.12695539177370466,leave_one_genre_out,RandomForest,rock
pearson,nostalgia,0.4485305199862424,leave_one_genre_out,RandomForest,rock
spearman,nostalgia,0.4519441881450065,leave_one_genre_out,RandomForest,rock
ece,nostalgia,0.047694790038475945,leave_one_genre_out,RandomForest,rock
mae,calmness,0.11707636851420776,leave_one_genre_out,RandomForest,rock
pearson,calmness,0.6164858186008308,leave_one_genre_out,RandomForest,rock
spearman,calmness,0.6144335359813423,leave_one_genre_out,RandomForest,rock
ece,calmness,0.019024934480755717,leave_one_genre_out,RandomForest,rock
mae,power,0.110432202888064,leave_one_genre_out,RandomForest,rock
pearson,power,0.6260472328035316,leave_one_genre_out,RandomForest,rock
spearman,power,0.6415405944775608,leave_one_genre_out,RandomForest,rock
ece,power,0.02157704101150724,leave_one_genre_out,RandomForest,rock
mae,joy,0.1461226367635603,leave_one_genre_out,RandomForest,rock
pearson,joy,0.6229123833905851,leave_one_genre_out,RandomForest,rock
spearman,joy,0.6668427572952464,leave_one_genre_out,RandomForest,rock
ece,joy,0.05464590565921512,leave_one_genre_out,RandomForest,rock
mae,tension,0.10476202361055009,leave_one_genre_out,RandomForest,rock
pearson,tension,0.5483666219682062,leave_one_genre_out,RandomForest,rock
spearman,tension,0.5719648786256222,leave_one_genre_out,RandomForest,rock
ece,tension,0.04072388317954892,leave_one_genre_out,RandomForest,rock
mae,sadness,0.11595402116055752,leave_one_genre_out,RandomForest,rock
pearson,sadness,0.446734168202887,leave_one_genre_out,RandomForest,rock
spearman,sadness,0.4382708998617451,leave_one_genre_out,RandomForest,rock
ece,sadness,0.033890228089692345,leave_one_genre_out,RandomForest,rock
mae,macro,0.11043583706945964,leave_one_genre_out,RandomForest,rock
pearson,macro,0.5082116937292266,leave_one_genre_out,RandomForest,rock
spearman,macro,0.5165007148088798,leave_one_genre_out,RandomForest,rock
ece,macro,0.03266027292807673,leave_one_genre_out,RandomForest,rock
topk_overlap,macro,0.6466666666666667,leave_one_genre_out,RandomForest,rock
mae,amazement,0.08124924433725932,leave_one_genre_out,XGBoost,rock
pearson,amazement,0.27079804197534785,leave_one_genre_out,XGBoost,rock
spearman,amazement,0.2813920120379923,leave_one_genre_out,XGBoost,rock
ece,amazement,0.015035244953564795,leave_one_genre_out,XGBoost,rock
mae,solemnity,0.08890004984455122,leave_one_genre_out,XGBoost,rock
pearson,solemnity,0.24763510067078212,leave_one_genre_out,XGBoost,rock
spearman,solemnity,0.20828851605619608,leave_one_genre_out,XGBoost,rock
ece,solemnity,0.0575323069048083,leave_one_genre_out,XGBoost,rock
mae,tenderness,0.10835025416982073,leave_one_genre_out,XGBoost,rock
pearson,tenderness,0.6122696753162518,leave_one_genre_out,XGBoost,rock
spearman,tenderness,0.5800193797252062,leave_one_genre_out,XGBoost,rock
ece,tenderness,0.031318037685750366,leave_one_genre_out,XGBoost,rock
mae,nostalgia,0.13215983766547348,leave_one_genre_out,XGBoost,rock
pearson,nostalgia,0.4122982173722531,leave_one_genre_out,XGBoost,rock
spearman,nostalgia,0.42782198418381817,leave_one_genre_out,XGBoost,rock
ece,nostalgia,0.05010000414823634,leave_one_genre_out,XGBoost,rock
mae,calmness,0.11852268541450432,leave_one_genre_out,XGBoost,rock
pearson,calmness,0.5896262415212784,leave_one_genre_out,XGBoost,rock
spearman,calmness,0.5774847199611527,leave_one_genre_out,XGBoost,rock
ece,calmness,0.03512012869001568,leave_one_genre_out,XGBoost,rock
mae,power,0.11773823504632927,leave_one_genre_out,XGBoost,rock
pearson,power,0.6125395592703367,leave_one_genre_out,XGBoost,rock
spearman,power,0.6286997704847554,leave_one_genre_out,XGBoost,rock
ece,power,0.03719946865984664,leave_one_genre_out,XGBoost,rock
mae,joy,0.1402957003231965,leave_one_genre_out,XGBoost,rock
pearson,joy,0.6754833065169683,leave_one_genre_out,XGBoost,rock
spearman,joy,0.7255764005829933,leave_one_genre_out,XGBoost,rock
ece,joy,0.0661187812567932,leave_one_genre_out,XGBoost,rock
mae,tension,0.0955666061971439,leave_one_genre_out,XGBoost,rock
pearson,tension,0.5899546167675208,leave_one_genre_out,XGBoost,rock
spearman,tension,0.5241591106017608,leave_one_genre_out,XGBoost,rock
ece,tension,0.037706831199129216,leave_one_genre_out,XGBoost,rock
mae,sadness,0.11753752777379041,leave_one_genre_out,XGBoost,rock
pearson,sadness,0.3823051244289724,leave_one_genre_out,XGBoost,rock
spearman,sadness,0.39256048289627676,leave_one_genre_out,XGBoost,rock
ece,sadness,0.03990752941092014,leave_one_genre_out,XGBoost,rock
mae,macro,0.11114668230800769,leave_one_genre_out,XGBoost,rock
pearson,macro,0.48810109820441244,leave_one_genre_out,XGBoost,rock
spearman,macro,0.4828891529477947,leave_one_genre_out,XGBoost,rock
ece,macro,0.04111537032322941,leave_one_genre_out,XGBoost,rock
topk_overlap,macro,0.65,leave_one_genre_out,XGBoost,rock
mae,amazement,0.11853451064713702,leave_one_genre_out,MLP,rock
pearson,amazement,0.049154630047990935,leave_one_genre_out,MLP,rock
spearman,amazement,0.07957590775464062,leave_one_genre_out,MLP,rock
ece,amazement,0.09116817362615122,leave_one_genre_out,MLP,rock
mae,solemnity,0.13480867761328008,leave_one_genre_out,MLP,rock
pearson,solemnity,-0.017164652601294707,leave_one_genre_out,MLP,rock
spearman,solemnity,-0.002851699428740483,leave_one_genre_out,MLP,rock
ece,solemnity,0.10744975388764942,leave_one_genre_out,MLP,rock
mae,tenderness,0.15171697080092553,leave_one_genre_out,MLP,rock
pearson,tenderness,0.2715292727843027,leave_one_genre_out,MLP,rock
spearman,tenderness,0.23313415000799004,leave_one_genre_out,MLP,rock
ece,tenderness,0.09873364905104018,leave_one_genre_out,MLP,rock
mae,nostalgia,0.1751394426019521,leave_one_genre_out,MLP,rock
pearson,nostalgia,0.2698998287493658,leave_one_genre_out,MLP,rock
spearman,nostalgia,0.28126543021111367,leave_one_genre_out,MLP,rock
ece,nostalgia,0.1315424311193258,leave_one_genre_out,MLP,rock
mae,calmness,0.1849274382160536,leave_one_genre_out,MLP,rock
pearson,calmness,0.2847463556796999,leave_one_genre_out,MLP,rock
spearman,calmness,0.28628241370353563,leave_one_genre_out,MLP,rock
ece,calmness,0.12089958240344849,leave_one_genre_out,MLP,rock
mae,power,0.13975086331261732,leave_one_genre_out,MLP,rock
pearson,power,0.41893559731706076,leave_one_genre_out,MLP,rock
spearman,power,0.42634711070347364,leave_one_genre_out,MLP,rock
ece,power,0.07364937639852416,leave_one_genre_out,MLP,rock
mae,joy,0.17568690136258502,leave_one_genre_out,MLP,rock
pearson,joy,0.470165655078144,leave_one_genre_out,MLP,rock
spearman,joy,0.5269652674685534,leave_one_genre_out,MLP,rock
ece,joy,0.09567014210795184,leave_one_genre_out,MLP,rock
mae,tension,0.15714665593046034,leave_one_genre_out,MLP,rock
pearson,tension,0.10620046652111442,leave_one_genre_out,MLP,rock
spearman,tension,0.15997158163023598,leave_one_genre_out,MLP,rock
ece,tension,0.11030291104735647,leave_one_genre_out,MLP,rock
mae,sadness,0.17556697147738207,leave_one_genre_out,MLP,rock
pearson,sadness,0.06238750321110692,leave_one_genre_out,MLP,rock
spearman,sadness,0.04590737469434904,leave_one_genre_out,MLP,rock
ece,sadness,0.11923277451278794,leave_one_genre_out,MLP,rock
mae,macro,0.15703093688471034,leave_one_genre_out,MLP,rock
pearson,macro,0.21287273964305453,leave_one_genre_out,MLP,rock
spearman,macro,0.22628861519390575,leave_one_genre_out,MLP,rock
ece,macro,0.10540542157269284,leave_one_genre_out,MLP,rock
topk_overlap,macro,0.5366666666666667,leave_one_genre_out,MLP,rock
